approxkl,clipfrac,eplenmean,eprewmean,explained_variance,fps,nupdates,policy_entropy,policy_loss,serial_timesteps,time_elapsed,total_timesteps,value_loss
0.71799827,0.99175376,486.0,392.90456635555563,0.0,106,1,1.8457942,0.13333158,2048,907.5758559703827,96256,0.062347595
0.1926558,0.85366887,683.8282828282828,883.2023566666666,0.0,130,2,1.6729462,0.054025266,4096,1645.901647567749,192512,0.15667576
0.070522584,0.7935713,1540.72,1609.4523865199997,0.0,134,3,1.5926338,0.025271608,6144,2360.3263001441956,288768,0.21628295
0.037377283,0.7756036,830.43,1663.9286570200002,0.0,135,4,1.568367,0.011498133,8192,3069.1980299949646,385024,0.23893172
0.0803773,0.8238006,1516.21,1724.41876177,0.0,134,5,1.5406858,0.022215178,10240,3783.73974943161,481280,0.2063925
0.026156088,0.79891646,1735.16,1676.1330571199996,0.0,133,6,1.5375254,0.008106227,12288,4503.371201038361,577536,0.137001
0.06669913,0.80835223,1695.82,1834.8402464,0.0,135,7,1.5221009,0.019908631,14336,5213.18346452713,673792,0.21049337
0.024372542,0.80559134,1618.48,1813.5038228299998,0.0,135,8,1.522295,0.009113529,16384,5926.102140665054,770048,0.14915647
0.041675184,0.8207956,1784.21,1946.27352082,0.0,134,9,1.5259966,0.011485794,18432,6642.385590314865,866304,0.12825146
0.06103678,0.812513,1648.23,1672.72008637,0.0,134,10,1.5191,0.01812517,20480,7359.554804801941,962560,0.15242931
0.0409582,0.826042,1600.91,1664.62681624,0.0,135,11,1.5135036,0.010846436,22528,8071.537403821945,1058816,0.1530226
0.031140797,0.8030902,1448.39,1602.5810901800003,0.0,135,12,1.5103929,0.010907102,24576,8782.742470026016,1155072,0.17377362
0.04280131,0.8372231,1136.65,1554.1946252299997,0.0,134,13,1.5190483,0.014525129,26624,9497.795533895493,1251328,0.14704712
0.0360744,0.821154,1730.11,1680.6655052799997,0.0,135,14,1.5140034,0.0105899265,28672,10206.327575206757,1347584,0.17981236
0.0444612,0.82452005,1714.92,1552.2885413600002,0.0,135,15,1.5236164,0.01502673,30720,10918.049264907837,1443840,0.12401952
0.06271549,0.8369167,1642.68,1593.12618825,0.0,135,16,1.512965,0.014763255,32768,11630.949414014816,1540096,0.1572635
0.042460162,0.802898,1346.44,1581.2155671799999,0.0,134,17,1.52309,0.01245256,34816,12345.95519065857,1636352,0.14644834
0.09222891,0.81948656,1650.09,1725.4904564499998,0.0,134,18,1.5115043,0.022506349,36864,13059.749550580978,1732608,0.18865545
0.02531556,0.81572837,1315.26,1630.12175711,0.0,134,19,1.5230184,0.00833125,38912,13774.965808153152,1828864,0.15649858
0.05742594,0.85141706,1827.94,1684.34160445,0.0,142,20,1.5314287,0.017988242,40960,14450.39018535614,1925120,0.12233099
0.046089385,0.8346181,1952.59,1861.3209503599996,0.0,146,21,1.5235668,0.013297776,43008,15109.388213634491,2021376,0.14966063
0.040162925,0.85653365,1698.09,2007.85104827,0.0,148,22,1.5168204,0.010741489,45056,15758.94044995308,2117632,0.20797607
0.038464557,0.85811013,1603.5,1716.0346649800003,0.0,148,23,1.5069258,0.01003753,47104,16407.796486139297,2213888,0.19860101
0.024890674,0.8106326,1359.38,1992.0414194499995,0.0,146,24,1.506428,0.0072603696,49152,17066.054660081863,2310144,0.25747338
0.061013065,0.80837816,1604.81,1938.56331758,0.0,141,25,1.5117581,0.016495584,51200,17745.064185857773,2406400,0.18098326
0.059641358,0.81722176,1064.57,1490.0160086800004,0.0,142,26,1.511187,0.016635932,53248,18420.01246190071,2502656,0.19348715
0.02327394,0.8286756,1498.21,1848.06368625,0.0,125,27,1.5079755,0.008515954,55296,19185.854860305786,2598912,0.20457031
0.027486516,0.8284393,1371.29,1789.5042556299998,0.0,108,28,1.5117766,0.008253735,57344,20071.493502378464,2695168,0.15476063
0.042399425,0.8572972,1489.93,1610.0830369499997,0.0,108,29,1.50571,0.014507229,59392,20957.77862405777,2791424,0.18127201
0.019296555,0.869499,1349.58,2074.6629224900003,0.0,108,30,1.5094177,0.007162443,61440,21844.10743188858,2887680,0.24416544
0.025900828,0.84720695,1416.52,1850.9968058200002,0.0,108,31,1.5066992,0.010570676,63488,22729.81453537941,2983936,0.15294616
0.019503321,0.8242551,1295.32,1423.8855296000004,0.0,108,32,1.5003914,0.006498503,65536,23615.13208436966,3080192,0.1600196
0.01704277,0.84680694,1402.81,1598.8662092099999,0.0,107,33,1.4957693,0.005714679,67584,24507.87240743637,3176448,0.17113255
0.012571285,0.86873543,1372.72,1354.6168060599996,0.0,109,34,1.4953281,0.006788683,69632,25390.27204799652,3272704,0.158363
0.014634352,0.86180604,1306.55,1499.1099098500003,0.0,108,35,1.4953525,0.0069109197,71680,26276.157782793045,3368960,0.14702195
0.024978597,0.8581803,1659.45,1846.5541557300003,0.0,108,36,1.4931731,0.00730771,73728,27161.362844467163,3465216,0.18471256
0.010889974,0.83464146,1404.48,1651.35114841,0.0,108,37,1.5030918,0.005483962,75776,28047.984242916107,3561472,0.17852873
0.05090686,0.85558045,1546.36,1871.47442122,0.0,108,38,1.4959112,0.012145185,77824,28939.008512735367,3657728,0.20175548
0.011621711,0.86424744,1876.32,1941.1930425399999,0.0,108,39,1.4991455,0.0055006053,79872,29829.835958242416,3753984,0.17581071
0.016281411,0.8514976,1698.47,1792.0771555400001,0.0,108,40,1.5078799,0.006521674,81920,30720.01914548874,3850240,0.18367751
0.03321525,0.849186,1186.5,1396.5722723200004,0.0,108,41,1.4979782,0.0072533386,83968,31607.07098340988,3946496,0.18223393
0.017987324,0.87117946,1555.79,1711.04575462,0.0,108,42,1.4905143,0.007094979,86016,32495.364037275314,4042752,0.16740032
0.011977982,0.86660314,1528.0,1747.0823900100002,0.0,107,43,1.4865288,0.006229408,88064,33388.70235109329,4139008,0.21405876
0.009686557,0.86562914,1589.14,1784.3604329800003,0.0,108,44,1.4928282,0.004806786,90112,34279.0504360199,4235264,0.14283785
0.016182203,0.87552726,1673.94,1897.07692113,0.0,108,45,1.4931377,0.0073710526,92160,35166.932760477066,4331520,0.18492761
0.012568466,0.88539934,1620.77,1937.1001641199996,0.0,108,46,1.4902617,0.005805696,94208,36052.27034163475,4427776,0.11632966
0.009566432,0.8803062,1728.86,1885.4861734600001,0.0,109,47,1.4885366,0.005705648,96256,36931.8017475605,4524032,0.16968547
0.013138161,0.85831535,1263.5,1708.2706549099998,0.0,110,48,1.4872906,0.00557184,98304,37802.24222946167,4620288,0.15281188
0.014842058,0.88709015,1453.27,1728.9458354600001,0.0,115,49,1.4886659,0.0068967757,100352,38636.25247192383,4716544,0.15177739
0.009510153,0.8971129,1429.39,1631.5102063800002,0.0,118,50,1.489937,0.0055335183,102400,39449.97131419182,4812800,0.172801
0.01326019,0.8837319,1316.88,1651.1258023399996,0.0,120,51,1.4895123,0.006399194,104448,40249.196706056595,4909056,0.17517881
0.01641328,0.8701094,1520.73,1754.92503252,0.0,116,52,1.487712,0.0061538643,106496,41078.071316719055,5005312,0.16351405
0.009950474,0.8909003,1798.21,1901.34375418,0.0,112,53,1.4885262,0.005726038,108544,41936.73240828514,5101568,0.15930052
0.019629084,0.88649017,1745.63,1733.3756324900003,0.0,111,54,1.4890823,0.007477761,110592,42797.81376194954,5197824,0.17758398
0.00936079,0.8845163,1643.05,1947.4615662900003,0.0,112,55,1.4891533,0.004893611,112640,43655.47684431076,5294080,0.20131809
0.009560756,0.88305926,1476.81,1754.12558831,0.0,111,56,1.4886928,0.005614431,114688,44516.566504478455,5390336,0.19203933
0.021983974,0.8932352,1283.71,1808.15413328,0.0,112,57,1.4843036,0.007974866,116736,45375.0217833519,5486592,0.18879442
0.024941437,0.8526196,1467.23,1769.6199350099998,0.0,112,58,1.4813052,0.006967738,118784,46232.22602915764,5582848,0.13315603
0.01731551,0.86873287,1581.82,1885.4445074,0.0,110,59,1.4857439,0.0066149062,120832,47105.33237838745,5679104,0.18398054
0.009558924,0.8769194,1696.73,1982.8573525300003,0.0,108,60,1.4909219,0.0051190555,122880,47992.79311656952,5775360,0.21956293
0.013204896,0.8811399,1563.27,1674.9995243100002,0.0,107,61,1.4872199,0.0052773464,124928,48885.51788043976,5871616,0.15103485
0.009450558,0.91145486,1567.12,1739.7095646299997,0.0,108,62,1.4836968,0.0052179755,126976,49773.23993110657,5967872,0.1822247
0.009494076,0.90678245,1698.51,1919.57759289,0.0,108,63,1.4812729,0.0046306625,129024,50661.2370493412,6064128,0.19812243
0.009370747,0.92924076,2007.52,2024.2731886099998,0.0,108,64,1.4840533,0.005543298,131072,51550.946603536606,6160384,0.14025569
0.009536468,0.91588056,2021.86,1872.1118639599997,0.0,107,65,1.4872526,0.00457211,133120,52444.11808037758,6256640,0.12501836
0.025071269,0.9192336,1760.37,1695.8103705800002,0.0,108,66,1.4827747,0.0074491077,135168,53333.70568728447,6352896,0.14810114
0.011241747,0.93908954,1742.47,1714.29235075,0.0,107,67,1.4825269,0.005959663,137216,54225.672281742096,6449152,0.15478638
0.009374585,0.92240745,1564.36,1808.7330587800002,0.0,107,68,1.4811271,0.0045093866,139264,55118.13919401169,6545408,0.14073123
0.011419427,0.9420815,1986.77,1945.2814003,0.0,108,69,1.4837996,0.0058734263,141312,56008.87908744812,6641664,0.15764174
0.009332377,0.9129197,2096.42,2074.88009131,0.0,107,70,1.4868089,0.0040155374,143360,56903.11716914177,6737920,0.12424778
0.021193571,0.9261423,1865.51,1935.98306359,0.0,107,71,1.4811347,0.008204751,145408,57794.535218954086,6834176,0.18042228
0.00996306,0.88437605,1689.65,1881.93940179,0.0,108,72,1.479683,0.0038205795,147456,58684.07407999039,6930432,0.1419536
0.020077871,0.8647928,1682.24,1898.1702011000002,0.0,107,73,1.4755361,0.0074021374,149504,59577.06401538849,7026688,0.18834041
0.009735557,0.8701925,1348.68,1474.0712390500003,0.0,108,74,1.4784949,0.003807914,151552,60466.3156042099,7122944,0.14563012
0.009527398,0.91531694,1603.47,1732.05491072,0.0,107,75,1.4799027,0.0057202335,153600,61358.67915678024,7219200,0.20827687
0.009801456,0.88765377,1816.79,1973.0738411700002,0.0,107,76,1.4779313,0.004153944,155648,62258.37688136101,7315456,0.12355419
0.010517465,0.8877966,1691.63,1851.6737386300003,0.0,108,77,1.4800183,0.0041215266,157696,63149.089950323105,7411712,0.15577833
0.031446032,0.8685303,2099.6,1841.92308248,0.0,108,78,1.476684,0.008291421,159744,64035.241978406906,7507968,0.10849039
0.009977862,0.91657925,1833.5,1878.26829482,0.0,107,79,1.4801824,0.0042542587,161792,64927.03745651245,7604224,0.15167591
0.030058537,0.9119613,1622.13,1717.4276900399998,0.0,108,80,1.4770688,0.010069826,163840,65815.28020000458,7700480,0.19059166
0.00986208,0.8864409,1204.67,1457.2444430300006,0.0,106,81,1.478365,0.004009238,165888,66715.44063830376,7796736,0.11951311
0.016564269,0.8732079,1772.99,1906.9330753,0.0,108,82,1.4750736,0.006685911,167936,67603.27753782272,7892992,0.2081912
0.010212202,0.868403,1694.2,1881.7326326500004,0.0,123,83,1.4751675,0.0034866896,169984,68384.3539173603,7989248,0.11223788
0.009701385,0.89991534,1877.04,2009.98988434,0.0,122,84,1.476374,0.005720104,172032,69169.06916618347,8085504,0.24495037
0.009832644,0.8998712,2032.61,2090.21097041,0.0,118,85,1.4757619,0.0049943454,174080,69981.07654285431,8181760,0.1404623
0.009655153,0.90833557,1699.16,1873.1927845700002,0.0,116,86,1.478258,0.0043847645,176128,70806.98524475098,8278016,0.17143442
0.0098343,0.9086031,1752.65,1676.08621212,0.0,116,87,1.4755828,0.0051486567,178176,71632.5414762497,8374272,0.12755767
0.010002959,0.87795305,1553.6,1631.42623298,0.0,117,88,1.4772621,0.0045141163,180224,72454.59701180458,8470528,0.147113
0.012544323,0.83260787,1730.51,1756.4792644499998,0.0,117,89,1.4732765,0.004900367,182272,73275.46574449539,8566784,0.14867531
0.009793737,0.8872356,1976.7,1890.5281786199996,0.0,116,90,1.4768943,0.0036004544,184320,74102.40069174767,8663040,0.121012375
0.009578746,0.9146884,1675.39,1741.3411831300002,0.0,120,91,1.4785569,0.005066533,186368,74903.17212891579,8759296,0.18023777
0.0100216,0.88758105,1456.48,1558.6292027700003,0.0,124,92,1.4758948,0.0039864746,188416,75675.84837055206,8855552,0.15034601
0.00994581,0.89671814,1470.54,1583.6956424900002,0.0,124,93,1.4762862,0.0054159425,190464,76448.84595417976,8951808,0.19469263
0.010162073,0.86609924,1237.59,1601.2477843100005,0.0,125,94,1.4747264,0.004215988,192512,77217.64911007881,9048064,0.1592805
0.010399682,0.84917825,1443.75,1729.0462680500004,0.0,129,95,1.4736937,0.0044866926,194560,77959.87686300278,9144320,0.16851977
0.010030919,0.90148145,1652.84,1625.3994670200002,0.0,141,96,1.4759673,0.0047668293,196608,78639.19386005402,9240576,0.14879164
0.010120856,0.89065874,1534.46,1573.5198091799998,0.0,139,97,1.4763224,0.0045335134,198656,79326.93559503555,9336832,0.12976302
0.010337753,0.8550688,1823.31,1808.86062544,0.0,140,98,1.4741495,0.004718027,200704,80014.36749720573,9433088,0.16466227
0.010019029,0.8785738,1850.42,1927.3674978000001,0.0,140,99,1.4752308,0.0038521911,202752,80697.49944925308,9529344,0.11368223
0.010256568,0.8531702,1853.74,1831.3378676300001,0.0,141,100,1.4745255,0.005031359,204800,81379.96354413033,9625600,0.16649649
0.010156637,0.8594971,1699.01,1818.0014541,0.0,140,101,1.4753305,0.004172432,206848,82067.06671500206,9721856,0.13713503
0.01485984,0.8434617,1848.94,1794.6604458900003,0.0,139,102,1.4719174,0.0047655576,208896,82755.33786225319,9818112,0.13538916
0.010641148,0.855235,1651.29,1780.0302197299998,0.0,140,103,1.4712238,0.0042790975,210944,83442.11333322525,9914368,0.16010553
0.010298307,0.8232448,1668.16,1756.5297926499998,0.0,141,104,1.4743164,0.0039219246,212992,84123.52128744125,10010624,0.13446786
0.009988307,0.89943486,1468.96,1654.9419798400004,0.0,141,105,1.4760883,0.0044341735,215040,84802.71288228035,10106880,0.17961554
0.010062312,0.88164115,1269.78,1451.2357426899998,0.0,141,106,1.476877,0.0045330143,217088,85480.70640444756,10203136,0.15739621
0.010043378,0.8700185,1788.85,1768.5790586300002,0.0,142,107,1.478489,0.004440344,219136,86155.75602722168,10299392,0.16530782
0.0140394755,0.8809139,1571.49,1766.5846992800005,0.0,142,108,1.479091,0.005388184,221184,86831.06885838509,10395648,0.17308386
0.011568377,0.92061275,1680.18,1788.41031792,0.0,142,109,1.4801433,0.005547345,223232,87507.3874156475,10491904,0.1606205
0.010146505,0.8781998,1583.85,1660.3284398099997,0.0,142,110,1.4778035,0.0036388126,225280,88181.89673376083,10588160,0.12249416
0.01000111,0.87043923,1827.37,1657.60820251,0.0,122,111,1.4776123,0.004651529,227328,88966.03303933144,10684416,0.17038372
0.01130629,0.919057,1586.68,1614.6370808,0.0,102,112,1.4784913,0.004895415,229376,89905.65600275993,10780672,0.16407336
0.009895981,0.86921334,1498.81,1519.5833016100003,0.0,103,113,1.4790484,0.0040489896,231424,90834.33675909042,10876928,0.1559144
0.010000012,0.86142164,1748.61,1623.5574134,0.0,103,114,1.4782504,0.0041966587,233472,91763.32104182243,10973184,0.1291524
0.009763373,0.9127301,1680.52,1644.1549086199998,0.0,103,115,1.4784204,0.004272344,235520,92693.33060574532,11069440,0.14835699
0.010014059,0.9087148,1602.55,1758.6459024199999,0.0,104,116,1.476948,0.005130831,237568,93616.73495578766,11165696,0.20128308
0.010421001,0.8445136,1438.62,1580.9425845699998,0.0,102,117,1.473184,0.004036151,239616,94558.89671492577,11261952,0.14858374
0.010618472,0.8280289,1885.0,1864.2534985599996,0.0,99,118,1.4712946,0.0042109555,241664,95525.70359563828,11358208,0.14706047
0.010248658,0.8826021,2030.66,1925.5224820400003,0.0,98,119,1.4733711,0.004202889,243712,96502.31036114693,11454464,0.12608095
0.010232753,0.8866642,1936.73,1809.0476502900003,0.0,98,120,1.4744883,0.00402619,245760,97480.73556351662,11550720,0.17249595
0.010449568,0.87665445,1622.92,1882.9069078399998,0.0,96,121,1.4734216,0.0047430624,247808,98474.84771037102,11646976,0.19788702
0.010193601,0.8661044,1579.67,1924.1660015699997,0.0,101,122,1.4743048,0.0045901025,249856,99420.64286851883,11743232,0.21727456
0.010372287,0.86384225,1562.26,1977.2819493599998,0.0,101,123,1.4737598,0.0040473714,251904,100370.70982909203,11839488,0.16025558
0.010171655,0.8794257,1945.87,1804.12102626,0.0,101,124,1.4751189,0.0036061755,253952,101318.01216077805,11935744,0.111100934
0.012359704,0.8927002,1640.44,1844.8420541199998,0.0,99,125,1.4746844,0.00545041,256000,102285.73535394669,12032000,0.19578592
0.010125615,0.91045755,1303.96,1711.5845329000003,0.0,99,126,1.4742938,0.0043130987,258048,103258.7092909813,12128256,0.1548004
0.010193852,0.89583766,1466.81,1830.0054428099997,0.0,99,127,1.4756263,0.00452882,260096,104226.28168988228,12224512,0.18775733
0.009933004,0.9135327,1485.48,1664.4159182000003,0.0,100,128,1.4765252,0.004534085,262144,105185.74063801765,12320768,0.1512411
0.010053674,0.8806308,1805.92,1862.54989963,0.0,98,129,1.4775071,0.004394576,264192,106159.48817515373,12417024,0.1513672
0.009852317,0.87533766,1531.13,1691.92642368,0.0,99,130,1.4801241,0.0041217115,266240,107123.34294819832,12513280,0.17878051
0.00992497,0.9044891,1738.5,1653.5054021300002,0.0,101,131,1.4774964,0.00483695,268288,108070.5601837635,12609536,0.12969518
0.009933641,0.9014191,1709.28,1743.80155046,0.0,104,132,1.4780211,0.004559797,270336,108995.89227318764,12705792,0.16755502
0.010045872,0.90489423,1776.64,1619.6982429500003,0.0,102,133,1.4770907,0.0041651446,272384,109937.91481232643,12802048,0.11642225
0.0100621795,0.89425594,1657.92,1819.9340533600002,0.0,100,134,1.478588,0.0040178644,274432,110893.14990091324,12898304,0.15186267
0.01842417,0.8910302,1810.5,1913.67295171,0.0,99,135,1.4771657,0.005698651,276480,111861.41219353676,12994560,0.1379475
0.010120244,0.8422696,2003.21,1737.8058789599997,0.0,100,136,1.4781692,0.0038341505,278528,112822.13142156601,13090816,0.12933592
0.0140063055,0.9176337,1626.32,1628.8809221899999,0.0,99,137,1.4777285,0.005573357,280576,113793.28429675102,13187072,0.1519932
0.010241591,0.8637332,1326.15,1580.5403543399996,0.0,98,138,1.4750133,0.0050111827,282624,114772.09856104851,13283328,0.18983626
0.010093777,0.89678305,1608.75,1727.6160913699998,0.0,99,139,1.4750569,0.0041493904,284672,115739.04836177826,13379584,0.13214318
0.01223265,0.8602762,1847.39,1692.33576959,0.0,98,140,1.4758385,0.0041099326,286720,116720.56732869148,13475840,0.11734674
0.010547411,0.8354648,1394.35,1694.74092649,0.0,98,141,1.4729158,0.0049580983,288768,117697.18363571167,13572096,0.20041473
0.01024493,0.8719041,1429.88,1587.63461912,0.0,98,142,1.4749483,0.0033737998,290816,118670.08732628822,13668352,0.11396336
0.010510209,0.8134532,1662.41,1735.1585228000001,0.0,97,143,1.4737451,0.004269992,292864,119655.04577326775,13764608,0.15814263
0.010328248,0.8228188,1606.21,1724.23717477,0.0,97,144,1.473381,0.004552626,294912,120638.17358088493,13860864,0.1700912
0.010453875,0.8484042,1385.31,1754.0885256099996,0.0,98,145,1.472164,0.004279872,296960,121612.11661815643,13957120,0.16898902
0.010563168,0.8658863,1538.85,1657.8244699500003,0.0,100,146,1.4719459,0.0048844023,299008,122569.31981182098,14053376,0.1701767
0.010521292,0.84626156,1585.35,1824.1429811,0.0,98,147,1.4732629,0.0042797495,301056,123545.83162307739,14149632,0.16315916
0.017063227,0.8653019,1616.37,1691.4772828200003,0.0,97,148,1.4733255,0.0057994956,303104,124530.41408920288,14245888,0.14875485
0.010349627,0.85537004,1623.87,1653.92537033,0.0,99,149,1.4741917,0.0043352083,305152,125495.29917502403,14342144,0.14835235
0.010193575,0.87901014,1578.31,1927.62430991,0.0,102,150,1.4752489,0.0042950455,307200,126432.56389045715,14438400,0.18670227
0.0100502735,0.88811344,1676.8,1682.9387789099999,0.0,103,151,1.4763712,0.004612945,309248,127360.37557005882,14534656,0.12564029
0.010122418,0.8866382,1513.03,1689.45939133,0.0,103,152,1.4764247,0.0043774354,311296,128290.58384943008,14630912,0.19124871
0.010035695,0.8638137,1690.6,1868.2054381599996,0.0,104,153,1.475404,0.004054631,313344,129213.69476723671,14727168,0.5291191
0.010299561,0.83824646,1715.55,1849.97437177,0.0,104,154,1.4758345,0.004000414,315392,130138.56522107124,14823424,0.14151563
0.0101068225,0.8401346,1945.46,1805.43252215,0.0,103,155,1.4758434,0.0038064208,317440,131066.2388458252,14919680,0.11963673
0.010312193,0.8506093,2203.62,1976.4375863399996,0.0,101,156,1.4767536,0.004132272,319488,132014.15370559692,15015936,0.14443444
0.014226213,0.894752,1717.92,1785.68199014,0.0,100,157,1.4766747,0.0060191965,321536,132968.59466290474,15112192,0.19607203
0.010198786,0.8560401,1570.29,1801.9874406099998,0.0,100,158,1.4773655,0.0038797846,323584,133930.36211585999,15208448,0.13557486
0.016969634,0.8706263,1929.63,2017.44877725,0.0,100,159,1.4760728,0.0062273447,325632,134883.59685397148,15304704,0.18118523
0.010323324,0.8472381,2063.19,1988.3911067299998,0.0,102,160,1.474905,0.0037193147,327680,135818.12854146957,15400960,0.12212775
0.010106957,0.87658954,2162.42,2027.6802444600003,0.0,101,161,1.4759091,0.004205111,329728,136769.9281153679,15497216,0.130753
0.011718183,0.86826015,2102.15,1984.7764451100002,0.0,99,162,1.4747758,0.0045732274,331776,137737.7691385746,15593472,0.51650107
0.0138839,0.8548532,1662.56,1645.1453744799999,0.0,98,163,1.4757942,0.004245971,333824,138713.00752449036,15689728,0.14439845
0.010283147,0.8578868,1841.34,1784.43302287,0.0,98,164,1.4740841,0.0048781587,335872,139688.1472210884,15785984,0.16046828
0.010231671,0.88299173,1744.3,2059.46733069,0.0,98,165,1.476975,0.003887282,337920,140667.3347070217,15882240,0.15657426
0.016716097,0.89267164,1757.8,1825.40885858,0.0,98,166,1.4761533,0.0064864787,339968,141649.35658216476,15978496,0.15332262
0.012529644,0.82961583,1484.98,1710.8930319099998,0.0,98,167,1.4775032,0.004207777,342016,142626.45988440514,16074752,0.16072768
0.010177363,0.8722469,1681.23,1840.1871774699996,0.0,98,168,1.4749186,0.00456444,344064,143602.65275287628,16171008,0.1766763
0.010055733,0.8787712,2036.23,2011.1746691800006,0.0,99,169,1.4771814,0.003724376,346112,144571.25579714775,16267264,0.09964244
0.010315288,0.9104471,1970.54,1877.8994991900004,0.0,98,170,1.4770641,0.004787291,348160,145553.38962101936,16363520,0.19763973
0.010117113,0.8685043,1521.43,1772.4968526100004,0.0,98,171,1.4756621,0.0041697994,350208,146533.70708203316,16459776,0.18112807
0.010060351,0.9049436,1467.05,1736.5503405000002,0.0,101,172,1.4761028,0.0050327266,352256,147483.60866832733,16556032,0.20452765
0.010201219,0.86223197,1724.7,1978.53069052,0.0,103,173,1.4765877,0.003973214,354304,148415.66308021545,16652288,0.1473834
0.014738981,0.83957624,1662.98,1738.03739061,0.0,101,174,1.4750055,0.0048210355,356352,149361.19261598587,16748544,0.16680793
0.010963932,0.8091002,1401.25,1579.03467926,0.0,101,175,1.4744104,0.004927881,358400,150305.74758934975,16844800,0.22400211
0.010159004,0.8471238,1199.46,1630.8602184499998,0.0,98,176,1.47882,0.0045743124,360448,151284.74672436714,16941056,0.16358952
0.016673982,0.858453,1355.56,1754.15058065,0.0,99,177,1.4764632,0.0059014643,362496,152252.9781525135,17037312,0.21251684
0.011663192,0.85397017,1274.25,1495.6013977499997,0.0,99,178,1.4794972,0.0054074144,364544,153223.05181336403,17133568,0.11032023
0.015080393,0.8446642,1619.84,1659.3250611699998,0.0,101,179,1.4753476,0.005967707,366592,154168.14717650414,17229824,0.21452807
0.010817523,0.8313482,1589.98,1913.8764266800003,0.0,99,180,1.4768242,0.004860503,368640,155139.3518049717,17326080,0.17811708
0.012996824,0.8607723,1454.8,1902.2041884999999,0.0,98,181,1.4775959,0.0053978334,370688,156119.55460238457,17422336,0.19204268
0.012422793,0.83724654,1588.95,1806.0986263,0.0,96,182,1.4781843,0.0066089546,372736,157112.51521992683,17518592,0.15462245
0.01151004,0.83575827,1452.84,1629.87819901,0.0,96,183,1.4774598,0.004059735,374784,158110.1907172203,17614848,0.1539047
0.012247916,0.81399083,1674.56,1883.06737264,0.0,96,184,1.478837,0.004908888,376832,159106.6996693611,17711104,0.2089026
0.01726149,0.7568671,1255.83,1595.4116735599998,0.0,96,185,1.4758347,0.0054809377,378880,160103.9138252735,17807360,0.17603749
0.015447369,0.8154037,1469.73,1753.2780709999997,0.0,120,186,1.478016,0.0052676667,380928,160900.80410718918,17903616,0.14896107
0.020243622,0.8095495,1502.44,1750.18116296,0.0,141,187,1.4806331,0.0062189223,382976,161583.37155604362,17999872,0.18912505
0.033391885,0.7953686,1582.76,1754.2446538099998,0.0,141,188,1.4774082,0.007153676,385024,162264.97184967995,18096128,0.16761054
0.02447608,0.8028123,1336.37,1693.9961545,0.0,139,189,1.4828027,0.0058504813,387072,162953.09066152573,18192384,0.13402517
0.031057462,0.78703666,1532.91,1678.2412556500003,0.0,143,190,1.4787359,0.0074540568,389120,163623.7410955429,18288640,0.20270775
0.039867874,0.81170005,1483.2,1517.89859328,0.0,143,191,1.4844612,0.013141334,391168,164295.03227305412,18384896,0.1251596
0.044085942,0.816879,1426.78,1350.8919598800003,0.0,144,192,1.4837607,0.0062979255,393216,164959.85139083862,18481152,0.17039211
0.04253033,0.83458954,1949.92,1766.3592414,0.0,142,193,1.485195,0.020225253,395264,165633.91940307617,18577408,0.14741215
0.03447068,0.7981944,1825.24,2029.15854477,0.0,142,194,1.4815334,0.015684558,397312,166307.23992681503,18673664,0.18219079
0.049856856,0.8212345,1853.31,1897.4931840900003,0.0,141,195,1.477516,0.021659603,399360,166986.50172257423,18769920,0.17779335
0.038271185,0.80568486,1507.83,1767.2143038699996,0.0,140,196,1.4857281,0.014628722,401408,167670.09669685364,18866176,0.16625835
0.04873872,0.8321403,1676.23,1857.27205277,0.0,140,197,1.4846096,0.02283075,403456,168352.99945998192,18962432,0.19757238
0.045536898,0.82488364,1700.14,1918.34534181,0.0,140,198,1.4884244,0.012659335,405504,169036.06270837784,19058688,0.14989386
0.06489054,0.8159465,1726.32,1820.43971209,0.0,142,199,1.4807667,0.02819683,407552,169709.87961673737,19154944,0.18080628
0.047269665,0.7913169,1411.54,1531.6180208499995,0.0,141,200,1.4843853,0.017879365,409600,170388.23514008522,19251200,0.12237429
0.05002887,0.78299797,1544.81,1559.6373655499995,0.0,142,201,1.487329,0.019002344,411648,171063.01169776917,19347456,0.13508585
0.06453046,0.8043966,1459.76,1789.3146393000002,0.0,142,202,1.4786788,0.02455585,413696,171737.29183340073,19443712,0.19341359
0.06405184,0.79270643,1486.0,1721.53829138,0.0,140,203,1.4745595,0.026521018,415744,172422.68536305428,19539968,0.23314302
0.058147095,0.78665227,1419.32,1589.6740557599999,0.0,141,204,1.4815686,0.029612416,417792,173101.08309054375,19636224,0.17514464
0.045548905,0.8103781,1670.39,1738.59073455,0.0,140,205,1.4896195,0.020796292,419840,173786.05145812035,19732480,0.156289
0.05185638,0.80541474,1601.25,1842.6850787099997,0.0,140,206,1.4907348,0.018370986,421888,174471.0081629753,19828736,0.15480806
0.054027613,0.7779749,1400.15,1801.97446505,0.0,139,207,1.4901757,0.025301185,423936,175159.02914524078,19924992,0.17431322
0.07518797,0.7775048,1405.04,1609.1121714199999,0.0,142,208,1.4828739,0.022878233,425984,175834.07740831375,20021248,0.13958055
0.07227932,0.7851744,1528.28,1627.87633837,0.0,142,209,1.4863505,0.022305544,428032,176507.40469789505,20117504,0.22529294
0.06786128,0.771422,1549.29,1806.7194699699996,0.0,140,210,1.4976025,0.030240867,430080,177193.89336562157,20213760,0.1842155
0.06610067,0.7906858,1656.81,1728.24057156,0.0,140,211,1.5073764,0.02115052,432128,177878.57932662964,20310016,0.19010864
0.079593554,0.7991294,1479.58,1789.7274862700003,0.0,141,212,1.4986204,0.030595202,434176,178558.48549962044,20406272,0.25397202
0.08041241,0.7967114,1546.31,2061.34873708,0.0,139,213,1.5154606,0.033465702,436224,179248.26804471016,20502528,0.22774653
0.081945814,0.818897,1678.27,1930.75560241,0.0,142,214,1.5182832,0.025812645,438272,179923.67055797577,20598784,0.16074947
0.0862183,0.82082677,1638.97,1940.02013413,0.0,140,215,1.5217631,0.040596627,440320,180607.87804317474,20695040,0.23014528
0.08614489,0.8251122,1591.87,2047.01247929,0.0,142,216,1.5439476,0.029124288,442368,181282.72990107536,20791296,0.20634313
0.089318104,0.7941739,1759.39,1941.6209568299998,0.0,142,217,1.5237789,0.034506325,444416,181957.4574651718,20887552,0.22554447
0.09193535,0.7964698,1552.46,2058.4517352700004,0.0,141,218,1.5252515,0.039491694,446464,182636.2553911209,20983808,0.26172355
0.0921043,0.7935921,1479.53,1685.8095846799997,0.0,142,219,1.5459601,0.03135758,448512,183312.88210391998,21080064,0.17934518
0.09615742,0.7814526,1905.94,2147.11690607,0.0,143,220,1.5217272,0.03666926,450560,183981.51894283295,21176320,0.2560865
0.09685458,0.79892683,1878.9,2304.5349512899998,0.0,142,221,1.5375406,0.03681074,452608,184657.21031594276,21272576,0.2376727
0.09066431,0.8004826,1603.72,1928.9815680999998,0.0,139,222,1.5452605,0.03121909,454656,185345.51900553703,21368832,0.20561181
0.09898615,0.7897482,1469.9,2207.3342868,0.0,123,223,1.5366275,0.044544693,456704,186125.74290013313,21465088,0.7155207
0.088172905,0.7863146,1086.8,1759.4489190800002,0.0,122,224,1.5478704,0.03923573,458752,186912.61491298676,21561344,0.22035687
0.08451834,0.7929506,1488.19,1943.40589151,0.0,119,225,1.5534638,0.03368467,460800,187716.48168420792,21657600,0.23783584
0.097403,0.797397,1450.29,1877.5385573699998,0.0,113,226,1.5433447,0.042393602,462848,188566.76084160805,21753856,0.25761494
0.09880466,0.8133337,1476.55,1999.7896911900002,0.0,143,227,1.5466713,0.045357723,464896,189237.89687132835,21850112,0.24636325
0.09072857,0.8023292,1256.24,1750.8619880100002,0.0,142,228,1.5447997,0.034370415,466944,189911.9329211712,21946368,0.22643207
0.08644342,0.7820915,1433.9,1796.8655655100001,0.0,141,229,1.5522168,0.034713343,468992,190590.94071388245,22042624,0.5606719
0.08999348,0.8047602,1659.39,1802.1126226999997,0.0,141,230,1.5352874,0.041555766,471040,191273.13044404984,22138880,0.19874492
0.0859355,0.8236474,1563.12,1842.65283077,0.0,141,231,1.5838248,0.032494135,473088,191951.38222002983,22235136,0.16795485
0.10753097,0.85660374,1610.05,1788.8779350999998,0.0,144,232,1.5745622,0.039991867,475136,192618.2214384079,22331392,0.22351505
0.097219415,0.80598354,1582.56,1909.01208129,0.0,127,233,1.5761359,0.034734525,477184,193370.83946585655,22427648,0.16802154
0.12222347,0.8453577,1593.19,1919.1579231199999,0.0,118,234,1.5842128,0.04122117,479232,194183.7204694748,22523904,0.24731746
0.111488,0.7996047,1114.35,1709.7643734799997,0.0,131,235,1.5688993,0.045104325,481280,194913.9536061287,22620160,0.24050544
0.11810709,0.8307404,1319.51,1717.3246529100004,0.0,142,236,1.587269,0.046425108,483328,195588.88179421425,22716416,0.24825303
0.094938025,0.80831844,1359.91,1610.4857443,0.0,142,237,1.574422,0.039924808,485376,196262.7546544075,22812672,0.21572332
0.10779909,0.83043134,1459.75,1919.5478581399998,0.0,143,238,1.61911,0.041869376,487424,196934.2207865715,22908928,0.25470516
0.118465684,0.8226448,1377.81,1711.89452983,0.0,141,239,1.5794803,0.043346275,489472,197615.20039463043,23005184,0.2131164
0.10834621,0.8296288,1173.42,1832.9619654599999,0.0,141,240,1.6283188,0.04146953,491520,198294.25361442566,23101440,0.6132673
0.10943918,0.8145804,1690.99,1989.1656749999997,0.0,141,241,1.5784678,0.044379037,493568,198976.4347808361,23197696,0.22195068
0.114242405,0.82411486,1444.41,2075.82856137,0.0,141,242,1.5953181,0.041344386,495616,199656.68510007858,23293952,0.28587547
0.11482289,0.80587184,1486.24,1928.2147365600001,0.0,144,243,1.5965599,0.039176937,497664,200321.934581995,23390208,0.23546462
0.121367455,0.83851135,1584.36,2027.54159513,0.0,142,244,1.5909908,0.048179533,499712,200999.65390634537,23486464,0.29626378
0.10663476,0.8579335,1734.19,2000.4440112300006,0.0,142,245,1.6456842,0.032005597,501760,201676.88241815567,23582720,0.13250428
0.13548653,0.817736,1636.36,1906.9171931699998,0.0,141,246,1.5813279,0.05079004,503808,202356.9889471531,23678976,0.2599915
0.114819154,0.83044434,1175.39,1591.22176501,0.0,141,247,1.6127437,0.036540996,505856,203037.5975472927,23775232,0.202149
0.115199275,0.8400775,1528.93,1546.36244188,0.0,139,248,1.6165094,0.047398325,507904,203725.95346331596,23871488,0.18590954
0.12608081,0.8327533,1063.62,1592.5702419399997,0.0,142,249,1.5905774,0.047619227,509952,204399.93594241142,23967744,0.2430114
0.13479337,0.8377789,1153.89,1671.41971082,0.0,142,250,1.6107105,0.045313712,512000,205075.49808049202,24064000,0.22490326
0.10933982,0.81968915,1319.25,1969.67302726,0.0,139,251,1.5807384,0.044461463,514048,205764.78196430206,24160256,0.21736632
0.122771956,0.8434617,1361.25,2003.16415519,0.0,143,252,1.6061226,0.04703697,516096,206434.16124272346,24256512,0.26346543
0.12827751,0.82865226,1361.1,1882.79329343,0.0,139,253,1.6079245,0.043218404,518144,207123.139169693,24352768,0.2547347
0.1076912,0.84584075,1478.82,1993.6674841699999,0.0,142,254,1.6122348,0.04858181,520192,207800.58125543594,24449024,0.26503432
0.11756869,0.85435975,1551.34,1870.3618840400004,0.0,142,255,1.6294867,0.039556183,522240,208475.1127061844,24545280,0.11813594
0.117746554,0.8394282,1478.37,1679.37667747,0.0,139,256,1.606613,0.03802352,524288,209166.67914533615,24641536,0.22020987
0.115745544,0.83415836,1430.73,1891.7184521200002,0.0,140,257,1.6212746,0.040391963,526336,209853.00564932823,24737792,0.23947155
0.11226733,0.84598625,1411.43,1921.61662005,0.0,141,258,1.6169432,0.045195892,528384,210534.23736214638,24834048,0.24382265
0.11166955,0.8423215,1563.18,1999.5819378499996,0.0,140,259,1.6208432,0.045376908,530432,211219.8155488968,24930304,0.25655958
0.123346806,0.8492769,1449.42,1947.0582212,0.0,138,260,1.5986664,0.044793043,532480,211915.73812055588,25026560,0.21184619
0.124781616,0.8450694,1591.7,1934.11477102,0.0,142,261,1.6076298,0.04780527,534528,212592.86556100845,25122816,0.21989015
0.111897714,0.8427449,1513.02,1857.8841866700002,0.0,144,262,1.6133116,0.04405679,536576,213261.08056163788,25219072,0.22414593
0.11726096,0.8242785,1671.0,1935.84302166,0.0,140,263,1.581391,0.046891432,538624,213944.45261764526,25315328,0.26539287
0.12451125,0.83916587,1486.13,1968.57185587,0.0,141,264,1.6307409,0.046237227,540672,214625.60137701035,25411584,0.24171957
0.12201488,0.86656934,1305.95,1785.47115582,0.0,141,265,1.6128441,0.051963467,542720,215303.80877685547,25507840,0.23925255
0.113974944,0.8375322,1295.56,1856.94382903,0.0,140,266,1.6351513,0.040640365,544768,215991.31219267845,25604096,0.27336538
0.11095039,0.84058917,1465.43,1729.67178377,0.0,140,267,1.6084075,0.041609455,546816,216676.1492881775,25700352,0.1866455
0.122881964,0.8609671,1468.3,1895.6053529499995,0.0,140,268,1.6311389,0.052269176,548864,217361.82815432549,25796608,0.28755465
0.11899256,0.84840167,1192.25,1712.4755013800002,0.0,140,269,1.6415949,0.038455408,550912,218047.22259664536,25892864,0.22074714
0.12708986,0.8597802,1560.56,1890.9088582600002,0.0,140,270,1.6214428,0.044987455,552960,218730.8635416031,25989120,0.25892568
0.1273053,0.8490172,1769.62,2093.75558763,0.0,142,271,1.6361394,0.042089302,555008,219406.08149814606,26085376,0.20272973
0.116090484,0.83914506,1719.51,2061.8472538800006,0.0,142,272,1.611567,0.052876692,557056,220081.20239543915,26181632,0.26921418
0.11603199,0.8276419,1084.93,1729.76601913,0.0,140,273,1.5614516,0.04548471,559104,220764.00205349922,26277888,0.251461
0.11469562,0.8437578,1397.68,2038.49411683,0.0,140,274,1.5679789,0.051272742,561152,221448.6396033764,26374144,0.2715797
0.10935757,0.8370647,1472.68,1662.7435172600003,0.0,140,275,1.6125731,0.041502688,563200,222132.2616994381,26470400,0.15173
0.1284342,0.8225981,1193.4,1836.48646366,0.0,139,276,1.5891423,0.051399373,565248,222822.60998916626,26566656,0.28678915
0.114341006,0.8438461,1235.83,1717.1551220800002,0.0,145,277,1.6204251,0.046625093,567296,223483.5331170559,26662912,0.25185996
0.12105407,0.8359297,1392.38,1747.8045464900001,0.0,139,278,1.6021496,0.041389905,569344,224175.2402291298,26759168,0.17886761
0.12845947,0.8359245,1488.71,1970.9887343600003,0.0,141,279,1.571646,0.052475955,571392,224855.72107315063,26855424,0.27677056
0.10138257,0.83241045,1326.91,1931.0163082200002,0.0,142,280,1.5923326,0.04115523,573440,225532.1290347576,26951680,0.26758572
0.113983996,0.83474797,1586.77,1802.1552558699998,0.0,141,281,1.5528767,0.044079766,575488,226211.29561829567,27047936,0.25852016
0.11755348,0.8569102,1505.52,2017.1636388900004,0.0,142,282,1.6057645,0.044648293,577536,226885.21693468094,27144192,0.26635066
0.11649564,0.8158946,1517.81,1892.0171342700005,0.0,140,283,1.5773864,0.044282578,579584,227568.2421655655,27240448,0.2059277
0.13559613,0.8571154,1453.76,1706.3290570299996,0.0,141,284,1.6102505,0.04761221,581632,228250.32230758667,27336704,0.21470165
0.11741823,0.8443889,1377.98,2093.6618546099994,0.0,142,285,1.6039953,0.047225997,583680,228927.99299240112,27432960,0.32914832
0.13424306,0.83797896,1428.02,1912.1068062200002,0.0,142,286,1.5716676,0.044486456,585728,229601.95283198357,27529216,0.29610854
0.120148875,0.8270965,1435.49,1999.03625431,0.0,139,287,1.5847536,0.047552697,587776,230289.57010149956,27625472,0.19892614
0.118665256,0.8479783,1559.2,2175.12573968,0.0,142,288,1.6039867,0.047245923,589824,230967.02855563164,27721728,0.27615824
0.13243735,0.8666369,1560.12,2077.01641171,0.0,141,289,1.6137425,0.04501549,591872,231648.57788848877,27817984,0.2413389
0.13284539,0.84471875,1213.29,1770.29302541,0.0,141,290,1.5865484,0.0510097,593920,232326.9000992775,27914240,0.2862198
0.14841689,0.83739454,1381.48,1809.1656753999998,0.0,141,291,1.5498519,0.05318689,595968,233005.2485961914,28010496,0.24568956
0.12323013,0.8455837,1458.72,2008.35152595,0.0,140,292,1.5832201,0.046614327,598016,233688.4642136097,28106752,0.2735196
0.10810257,0.8274861,1509.0,1867.5615129300004,0.0,141,293,1.6078258,0.0405262,600064,234368.03702878952,28203008,0.17919558
0.119128905,0.8556895,1450.5,1791.56452547,0.0,140,294,1.6037593,0.049936462,602112,235052.7399842739,28299264,0.2547785
0.10891802,0.82246304,1402.69,1752.3826773700002,0.0,142,295,1.5706168,0.048230693,604160,235730.2311925888,28395520,0.21554205
0.11990267,0.82694066,1408.22,2004.7237385500002,0.0,143,296,1.573861,0.04275664,606208,236399.6692287922,28491776,0.28570533
0.12511581,0.8094534,1430.49,1774.3134874999994,0.0,140,297,1.5575912,0.03975197,608256,237082.48702192307,28588032,0.2574218
0.116777584,0.8343064,1330.84,1790.8149209600003,0.0,139,298,1.5868853,0.04946277,610304,237770.732254982,28684288,0.23662864
0.10818005,0.8272108,1433.89,1796.08191197,0.0,141,299,1.5441082,0.04521324,612352,238450.3972609043,28780544,0.26438004
0.10645479,0.80300707,1492.95,1837.22811323,0.0,142,300,1.555133,0.042016137,614400,239123.59538340569,28876800,0.23491135
0.123194166,0.8395347,1644.9,2072.95312916,0.0,142,301,1.5690488,0.043979645,616448,239799.602312088,28973056,0.23357211
0.13054504,0.8320676,1408.33,1833.2948377200003,0.0,141,302,1.5920441,0.03745486,618496,240479.55171513557,29069312,0.19021739
0.13963407,0.83484405,1356.65,1937.1665329599998,0.0,141,303,1.5662578,0.054734286,620544,241158.14274168015,29165568,0.29922697
0.13508336,0.8366076,1221.49,1988.15348979,0.0,142,304,1.5619776,0.041386068,622592,241831.77908873558,29261824,0.24647583
0.11699614,0.83844906,1388.46,1959.6967743600003,0.0,141,305,1.5673509,0.048398875,624640,242513.44935965538,29358080,0.31867343
0.12249377,0.8159543,1226.93,2029.77891228,0.0,141,306,1.5529417,0.042267933,626688,243195.78228759766,29454336,0.25209305
0.11940309,0.8297768,1504.52,1892.8414148699999,0.0,144,307,1.5643903,0.042537846,628736,243862.1121635437,29550592,0.24049293
0.107751206,0.8086535,1684.1,2108.32201783,0.00014251470565795898,142,308,1.5588068,0.039937828,630784,244536.26070022583,29646848,0.2479341
0.11477592,0.8234136,1422.74,1995.5021014999993,0.0,138,309,1.5621749,0.039767224,632832,245230.81936645508,29743104,0.5972883
0.1258819,0.805516,1432.35,1902.0400663199998,0.0,140,310,1.5169476,0.046806164,634880,245914.0085773468,29839360,0.24037036
0.14805922,0.8280263,1455.74,1947.20326147,0.0007381439208984375,147,311,1.5484049,0.048671458,636928,246568.39597272873,29935616,0.24257424
0.13421233,0.8184451,1353.76,1993.3355200199999,0.0,142,312,1.5655636,0.040443853,638976,247242.8370320797,30031872,0.27137095
0.114566445,0.82442915,1137.93,1624.2106592900004,0.00034755468368530273,141,313,1.5456237,0.043883286,641024,247920.9606063366,30128128,0.2738227
0.12360447,0.83133,1167.85,1679.4720610999998,0.0,142,314,1.52976,0.045077708,643072,248594.85856842995,30224384,0.2703723
0.1554904,0.8282159,1314.51,1796.65197946,0.0,143,315,1.5539547,0.037716508,645120,249267.6786119938,30320640,0.2591074
0.12134335,0.8093132,1211.43,1565.7264432299999,0.0,140,316,1.5119958,0.046494402,647168,249954.64526200294,30416896,0.24364324
0.11895258,0.83081055,1093.82,1487.4169592300002,0.0,142,317,1.5201869,0.038384575,649216,250630.48013186455,30513152,0.2517803
0.121750064,0.82647055,1252.27,1591.4954124199999,0.0,142,318,1.5346764,0.037235394,651264,251305.52831077576,30609408,0.27947956
0.12397887,0.7933298,1041.17,1804.62996442,0.0,139,319,1.4941868,0.042924996,653312,251997.83701205254,30705664,0.30389082
0.11978971,0.77799565,875.4,1610.9116036,0.0,141,320,1.5005332,0.038815867,655360,252679.864392519,30801920,0.30258554
0.11689548,0.78543675,1097.46,1841.2189038099998,0.0,141,321,1.4600759,0.041149516,657408,253357.73696184158,30898176,0.33781588
0.12151626,0.82138515,978.23,1753.6867374900003,0.0,141,322,1.5065314,0.041961133,659456,254038.59515547752,30994432,0.26378042
0.12826747,0.81051314,1056.01,1406.4807456999997,0.0,141,323,1.517858,0.03674997,661504,254719.4164788723,31090688,0.22900866
0.13223854,0.8334779,1156.41,1645.9402565999999,0.0,142,324,1.5320059,0.042826273,663552,255396.81357860565,31186944,0.24485382
0.11767651,0.8245148,981.09,1754.3746998000001,0.0,140,325,1.535207,0.035629977,665600,256080.57314372063,31283200,0.31543696
0.12312059,0.7911377,960.79,1548.6276479900002,3.552436828613281e-05,142,326,1.4535468,0.036212668,667648,256758.9671857357,31379456,0.59886724
0.12150654,0.80860156,1059.87,1759.5157060600002,0.00014132261276245117,142,327,1.4671962,0.033990912,669696,257434.95190119743,31475712,0.6375687
0.12457929,0.7950102,1139.95,1573.5509871200004,0.0,142,328,1.4531676,0.031650953,671744,258109.41493582726,31571968,0.20532688
0.14415939,0.8078847,1244.44,1471.8665400299997,0.0002353191375732422,141,329,1.5117837,0.04517357,673792,258787.78368282318,31668224,0.23267475
0.12524842,0.80361223,925.98,1510.1285386900004,0.0008786916732788086,144,330,1.5067221,0.03233717,675840,259455.12399625778,31764480,0.28943434
0.1218609,0.8075912,1097.0,1635.7507128800003,0.000823974609375,147,331,1.5039611,0.031950787,677888,260108.32974219322,31860736,0.2559717
0.11647564,0.79382586,1219.64,1785.28222693,0.0,146,332,1.4580505,0.03482438,679936,260764.15184426308,31956992,0.62643564
0.15773396,0.810978,1116.58,1803.05009048,0.0030838847160339355,149,333,1.4176431,0.039123397,681984,261408.81417775154,32053248,0.26841187
0.12470347,0.7815123,815.51,1425.2549771300003,0.002747952938079834,147,334,1.404966,0.03871082,684032,262062.1062180996,32149504,0.2853919
0.16828288,0.81204027,976.45,1526.44658321,0.0,146,335,1.4814851,0.03350192,686080,262720.6928231716,32245760,0.2397332
0.14560428,0.81489205,1389.31,1613.68670226,0.0003364682197570801,145,336,1.5079103,0.035238966,688128,263380.939950943,32342016,0.19938059
0.13111152,0.8001527,1410.35,1599.59789713,0.0013793706893920898,145,337,1.4391426,0.02769356,690176,264040.65509557724,32438272,0.23724984
0.13690138,0.79861516,1119.58,1654.7562367500002,0.0,146,338,1.5033412,0.032941155,692224,264697.12180638313,32534528,0.23258907
0.13716514,0.78740287,1184.32,1802.2373366999996,0.0011074542999267578,148,339,1.4593269,0.026638184,694272,265346.1696448326,32630784,0.33222705
0.12804854,0.7627472,1064.28,1612.94667605,0.0010675787925720215,144,340,1.3925691,0.036134288,696320,266012.8551328182,32727040,0.23866703
0.12671274,0.7663626,904.42,1546.81474625,0.0,144,341,1.3903451,0.030215517,698368,266679.0615990162,32823296,0.24171029
0.11249772,0.7515142,879.29,1741.46024463,0.00034862756729125977,141,342,1.3397983,0.031851046,700416,267359.46153640747,32919552,0.3906442
0.12294258,0.7998384,1129.07,1776.1976657799999,1.7702579498291016e-05,141,343,1.4554255,0.03387819,702464,268038.7395310402,33015808,0.24449855
0.13801485,0.7916727,964.96,1411.73543649,5.5849552154541016e-05,141,344,1.4309828,0.026399411,704512,268719.09601449966,33112064,0.29632324
0.11877029,0.81189483,1002.16,1491.21072506,0.001112520694732666,142,345,1.4549948,0.029938636,706560,269394.2715482712,33208320,0.25872335
0.12044515,0.808786,869.32,1348.7945642700004,9.375810623168945e-05,143,346,1.5081781,0.018108338,708608,270066.85009908676,33304576,0.2065788
0.13071485,0.8011163,1184.18,1826.82400704,0.00037932395935058594,142,347,1.4463915,0.02925342,710656,270741.62185406685,33400832,0.35545775
0.12727356,0.798597,864.58,1434.4470449100002,0.0013355612754821777,142,348,1.4509892,0.02456524,712704,271417.76126384735,33497088,0.25954223
0.11291789,0.8012358,939.82,1251.45044772,0.0014267563819885254,141,349,1.4330093,0.019688543,714752,272099.29777765274,33593344,0.24795079
0.12290057,0.78168374,647.26,1222.8865862800003,0.0017632246017456055,143,350,1.3740342,0.022583554,716800,272771.5309398174,33689600,0.31061047
0.12870108,0.80047476,889.15,1469.8511501600003,4.845857620239258e-05,144,351,1.4531151,0.02530015,718848,273438.76425504684,33785856,0.24803533
0.14439826,0.77895665,1083.59,1697.26753576,0.0010598301887512207,142,352,1.410583,0.027035909,720896,274112.37207746506,33882112,0.37612107
0.15982154,0.7882937,619.93,1237.00269628,0.004694759845733643,142,353,1.3848752,0.023118405,722944,274787.0128161907,33978368,0.3266567
0.120218985,0.7666561,975.13,1559.43126015,0.00197446346282959,142,354,1.3883498,0.030917145,724992,275460.2106220722,34074624,0.28291377
0.13417041,0.78657436,862.2,1641.12783964,0.0017679929733276367,144,355,1.3709952,0.02108166,727040,276126.7739903927,34170880,0.29761618
0.12397842,0.7714454,1092.22,1326.23469334,0.0016708970069885254,142,356,1.3631852,0.020893624,729088,276801.5139813423,34267136,0.2545954
0.1404003,0.78297716,808.94,1414.81185625,0.0029858946800231934,142,357,1.3899648,0.026407601,731136,277477.0229949951,34363392,0.3174901
0.124877445,0.7700377,623.31,1379.88276127,0.004263818264007568,144,358,1.3824235,0.023492534,733184,278141.65589785576,34459648,0.31540883
0.12536417,0.77769697,943.1,1339.1592044400002,0.003030717372894287,148,359,1.3767508,0.019488202,735232,278790.3912565708,34555904,0.3133062
0.11797276,0.73969936,643.16,1466.5853171599997,0.0026239752769470215,147,360,1.3238176,0.01650837,737280,279444.56345534325,34652160,0.6829056
0.13696748,0.7579112,872.25,1369.1719895200001,0.003316938877105713,148,361,1.3580824,0.017033035,739328,280091.19705724716,34748416,0.29930788
0.15344754,0.79406476,811.33,1526.9188735100006,0.0043669939041137695,149,362,1.3985031,0.020752141,741376,280736.5757250786,34844672,0.346645
0.11806636,0.79543614,730.38,1427.9416515199998,0.002517879009246826,147,363,1.4602056,0.020681327,743424,281387.5241806507,34940928,0.59266865
0.11542652,0.78822356,982.73,1350.7492850500003,0.004913747310638428,148,364,1.4030789,0.013352583,745472,282037.0936381817,35037184,0.298671
0.13492514,0.7882184,779.86,1339.5667528300003,0.00882411003112793,148,365,1.4453902,0.020029563,747520,282686.08143901825,35133440,0.30223098
0.12328228,0.7351204,811.81,1239.3387323700001,0.004095554351806641,149,366,1.2952414,0.017030388,749568,283329.02606773376,35229696,0.2874043
0.12781657,0.7271131,823.65,1546.9023861100002,0.014717340469360352,150,367,1.3269042,0.01381049,751616,283967.01505470276,35325952,0.37867242
0.11883304,0.758054,1034.52,1698.1301708800006,0.013883411884307861,149,368,1.361675,0.012622328,753664,284612.55400395393,35422208,0.23304868
0.115153596,0.75031686,954.25,1609.9498468,0.012468278408050537,150,369,1.344494,0.015997205,755712,285250.55729818344,35518464,0.312503
0.16040172,0.7630667,757.01,1285.83839496,0.028924882411956787,148,370,1.3098705,0.017702837,757760,285896.6171107292,35614720,0.26429456
0.13931628,0.73102975,609.31,1191.2100396800001,0.027619242668151855,148,371,1.3063909,0.01694321,759808,286546.8506860733,35710976,0.22863568
0.1339586,0.7419849,816.46,1519.1909370700002,0.02871835231781006,149,372,1.2928613,0.010300413,761856,287188.8504357338,35807232,0.3181806
0.149312,0.77440625,521.47,1463.5801720200002,0.021011710166931152,149,373,1.3839991,0.013614435,763904,287831.3686981201,35903488,0.35664096
0.14758277,0.76425624,918.21,1345.28043461,0.031701087951660156,144,374,1.3844446,0.014625003,765952,288495.9956290722,35999744,0.2950782
0.12189654,0.7915688,736.45,1427.3323162400002,0.037257254123687744,146,375,1.4822414,0.007352102,768000,289151.53764796257,36096000,0.27257407
0.12309257,0.76107466,963.71,1414.02615259,0.009524524211883545,147,376,1.383112,0.015481704,770048,289807.2232544422,36192256,0.31033444
0.117137544,0.77840084,1131.46,1586.3630941499996,0.0064830780029296875,149,377,1.3897208,0.006088791,772096,290452.28285098076,36288512,0.26675928
0.13009052,0.8097911,1255.05,1666.04609742,0.04848760366439819,149,378,1.4730096,0.013075287,774144,291096.96058678627,36384768,0.1730676
0.118392974,0.7480754,1028.97,1624.48674838,0.006466984748840332,151,379,1.348131,0.00909078,776192,291733.12387537956,36481024,0.36174718
0.13225712,0.7804215,692.58,1156.6244237699998,0.010046541690826416,150,380,1.4202517,0.019318761,778240,292373.98825860023,36577280,0.25458375
0.12605625,0.75891376,897.15,1482.31250843,0.025909006595611572,148,381,1.3802848,0.0031474277,780288,293020.2601017952,36673536,0.33794367
0.13498372,0.7706117,674.16,1329.2085829600003,0.006409764289855957,147,382,1.418663,0.016233018,782336,293672.82808327675,36769792,0.25907895
0.15777312,0.7661886,984.6,1447.4043538899998,0.03209108114242554,148,383,1.3593067,0.015513652,784384,294322.9457709789,36866048,0.32977745
0.13878308,0.76305115,670.37,1477.5058699900003,0.049514591693878174,143,384,1.365664,0.012542587,786432,294992.0532786846,36962304,0.3349368
0.12573148,0.74531716,1077.53,1810.1159132300004,0.018619120121002197,142,385,1.310358,0.010754854,788480,295666.4315209389,37058560,0.32524204
0.1361136,0.78319013,909.73,1391.0323923899998,0.0110093355178833,143,386,1.4219788,0.0062524606,790528,296334.94231152534,37154816,0.3178492
0.13986742,0.78081363,794.44,1413.1915056,0.050234854221343994,143,387,1.4294473,0.018003833,792576,297007.1679906845,37251072,0.2566566
0.12215883,0.75703853,992.89,1654.2623639700003,0.03379780054092407,142,388,1.3471794,0.0074544037,794624,297681.72863292694,37347328,0.33319408
0.12993696,0.78796905,916.24,1464.58615287,0.05031341314315796,142,389,1.3900803,0.012919865,796672,298357.22982263565,37443584,0.28541225
0.118715934,0.79206234,899.67,1272.7487178799997,0.0005222558975219727,143,390,1.4259373,0.0063944394,798720,299028.01467347145,37539840,0.2768206
0.1261239,0.7857666,786.9,1287.1430126,0.029474198818206787,143,391,1.447855,0.009160217,800768,299697.5574092865,37636096,0.2591169
0.13530843,0.7615655,853.06,1555.55725052,0.03039872646331787,141,392,1.3312801,0.009498217,802816,300377.04644036293,37732352,0.39049318
0.13088623,0.77167916,696.13,1390.02696213,0.05306917428970337,143,393,1.4005119,0.003840237,804864,301048.0150129795,37828608,0.28068438
0.12510765,0.7688274,798.24,1347.0176203199997,0.0663524866104126,142,394,1.368836,0.0098600555,806912,301724.5672183037,37924864,0.28301707
0.1292587,0.7454055,529.95,1207.14686149,0.055260539054870605,144,395,1.3275658,0.008877176,808960,302391.22961997986,38021120,0.3604135
0.123329565,0.7728557,788.22,1405.6055242499997,0.06785786151885986,142,396,1.4045284,0.010323132,811008,303067.40931868553,38117376,0.2881384
0.12854096,0.76972604,992.77,1574.8592409500002,0.05076766014099121,142,397,1.3755052,0.0072317705,813056,303742.8827638626,38213632,0.37402594
0.126201,0.76612365,636.16,1350.0400907799997,0.0312044620513916,142,398,1.378925,0.010238503,815104,304419.2606832981,38309888,0.37596813
0.1266625,0.765638,941.95,1508.68112483,0.04522484540939331,143,399,1.4201931,0.002734723,817152,305089.0671195984,38406144,0.32344347
0.123669535,0.73930454,822.37,1639.79827217,0.05780339241027832,143,400,1.3405303,0.0064759655,819200,305761.2964913845,38502400,0.35453755
0.11854994,0.76058114,726.95,1398.9400514,0.057581424713134766,143,401,1.3361934,0.0059068864,821248,306432.9077615738,38598656,0.30487344
0.15472774,0.78398746,803.22,1362.57279383,0.04264158010482788,142,402,1.390419,0.010744928,823296,307108.11787486076,38694912,0.26984125
0.124776006,0.7335387,819.32,1528.0288288299998,0.02481210231781006,141,403,1.3086745,0.0009358044,825344,307786.44566869736,38791168,0.38130692
0.1339051,0.7787047,818.93,1328.3337153999998,0.05218440294265747,142,404,1.4109443,0.006365248,827392,308461.9628610611,38887424,0.2613607
0.11565977,0.7368034,1037.16,1423.7799071499999,0.04142493009567261,142,405,1.2906879,0.0027702567,829440,309139.1205627918,38983680,0.30319846
0.12009391,0.7429303,730.17,1536.2134363999999,0.08849698305130005,142,406,1.3223835,0.0010344011,831488,309814.3939883709,39079936,0.3234027
0.12736501,0.7562801,741.55,1581.7978464599996,0.10441058874130249,142,407,1.3440776,0.0030287064,833536,310488.8044383526,39176192,0.32569468
0.12656161,0.7513272,926.52,1526.6015472299998,0.04337966442108154,142,408,1.3089995,0.0017464875,835584,311163.328312397,39272448,0.3833357
0.14198098,0.7546802,842.21,1597.7953034299996,0.05826711654663086,143,409,1.3861738,0.0054963618,837632,311834.1442923546,39368704,0.29792655
0.14248665,0.79004943,1255.55,2068.12136223,0.10432088375091553,143,410,1.4513966,0.0046342914,839680,312505.3693013191,39464960,0.30219093
0.129335,0.7453198,1112.15,2050.84498622,0.10043114423751831,143,411,1.3524413,0.001698319,841728,313175.4887523651,39561216,0.32424912
0.13730682,0.7333465,1173.21,2207.37794428,0.046199142932891846,142,412,1.2939024,0.007102452,843776,313851.1316154003,39657472,0.4562353
0.14276879,0.73620343,821.41,1832.4600444800003,0.13295453786849976,142,413,1.3268063,0.007224779,845824,314526.04644036293,39753728,0.35093147
0.15615162,0.7211862,803.39,1449.4713797600002,0.05109173059463501,144,414,1.3300768,0.0027542287,847872,315193.62780570984,39849984,0.30736265
0.11603591,0.7245133,861.33,1469.57099598,0.041633546352386475,142,415,1.2789483,-0.0014986224,849920,315867.9430921078,39946240,0.359012
0.1251871,0.71831626,789.24,1385.1521579499997,0.11850255727767944,142,416,1.2775507,-0.00061072496,851968,316543.3673245907,40042496,0.3054638
0.1284179,0.7412733,817.97,1594.4527741099998,0.0880400538444519,143,417,1.3363318,0.0047847284,854016,317215.18250751495,40138752,0.38011852
0.117312394,0.7580333,947.82,1738.2162338599999,0.05543762445449829,143,418,1.356362,0.0015368912,856064,317885.2191069126,40235008,0.3097399
0.13883533,0.78694314,1249.07,1665.5097477299998,0.0899006724357605,143,419,1.4171985,0.00012276076,858112,318555.86126470566,40331264,0.23760706
0.14553419,0.7853822,1008.02,1616.889379,0.09636133909225464,142,420,1.4362446,0.005543958,860160,319232.5947277546,40427520,0.26423153
0.12318974,0.7442679,919.14,1561.36870866,0.0734822154045105,143,421,1.3604616,-0.0012168543,862208,319904.33014822006,40523776,0.3206304
0.10991974,0.7372034,975.16,1807.3138734499996,0.07657790184020996,143,422,1.3672198,-0.00033222415,864256,320575.4153597355,40620032,0.32174742
0.108633325,0.7294792,1314.41,2041.94974936,0.0901908278465271,143,423,1.3315833,-0.004167317,866304,321248.1525232792,40716288,0.3386746
0.12427722,0.76740414,822.99,1636.8101835,0.11224687099456787,143,424,1.3758217,0.002315754,868352,321917.99056482315,40812544,0.31701028
0.11524776,0.7671444,1138.95,1683.7836719400004,0.09501498937606812,141,425,1.3990945,-0.0064477827,870400,322599.5790145397,40908800,0.28595152
0.14648874,0.7567476,942.93,1457.94231396,0.0751233696937561,142,426,1.3638695,-0.0044927835,872448,323275.6097242832,41005056,0.2895681
0.13705784,0.7845069,1079.28,1514.4798554799997,0.11597353219985962,143,427,1.4337424,0.0006539693,874496,323947.5662717819,41101312,0.23559335
0.11609439,0.75699174,1084.78,1902.8290981700002,0.08005303144454956,142,428,1.3980402,0.0025209205,876544,324621.0444614887,41197568,0.36032236
0.11575468,0.77064025,971.31,1966.3629873600003,0.07489663362503052,143,429,1.4029425,-0.00032315188,878592,325291.84851789474,41293824,0.31377113
0.1496363,0.7587709,1138.74,2049.76438396,0.09580439329147339,142,430,1.4021277,-0.004986655,880640,325966.9525446892,41390080,0.29402193
0.14541742,0.76546395,1277.41,1906.6579122999997,0.09416842460632324,143,431,1.4019744,0.0013808495,882688,326639.8839902878,41486336,0.3240461
0.16886646,0.75227,1110.72,2010.31905888,0.09026992321014404,144,432,1.35529,-0.001141941,884736,327307.54977846146,41582592,0.39560273
0.1405013,0.7580748,1042.48,1703.3536566199996,0.11222702264785767,144,433,1.3858942,-0.0004209803,886784,327975.68611216545,41678848,0.30313003
0.14036599,0.76388484,1022.8,1527.4483626899996,0.1257808804512024,142,434,1.3932558,0.0035515425,888832,328649.48472213745,41775104,0.25944644
0.13832426,0.75757354,1053.81,1928.7877171,0.11187660694122314,145,435,1.399221,-0.0030902931,890880,329312.6297979355,41871360,0.33153975
0.13582405,0.7798864,1313.52,2187.99288174,0.10344201326370239,142,436,1.4445606,-0.0009289424,892928,329987.3151974678,41967616,0.28172916
0.118837886,0.77205056,1205.67,1703.06931614,0.07793635129928589,143,437,1.4264724,0.0006907605,894976,330659.319999218,42063872,0.34441218
0.11688996,0.79971635,1108.9,1732.06878539,0.13015687465667725,143,438,1.46649,-0.0016444114,897024,331331.1303846836,42160128,0.27078953
0.117911704,0.74685735,1212.37,1977.0335963,0.12176847457885742,142,439,1.3550041,-0.0042118165,899072,332006.63366770744,42256384,0.3241321
0.14025098,0.77284014,1193.81,2202.63942597,0.12610942125320435,142,440,1.4030291,-0.00019212802,901120,332684.40151524544,42352640,0.34350306
0.1266232,0.7615058,1269.4,1866.6403908999998,0.14013630151748657,144,441,1.3599685,-0.0005166343,903168,333352.09761953354,42448896,0.29977277
0.1329999,0.74569637,984.79,1897.1399479300003,0.22645634412765503,143,442,1.3680619,0.00062191085,905216,334023.7034173012,42545152,0.32623574
0.11380142,0.75326216,1106.55,2014.1480793199999,0.11927366256713867,142,443,1.3645102,-0.0026211948,907264,334699.06233787537,42641408,0.3805082
0.12178626,0.7525583,1027.19,1761.8581328600003,0.09735667705535889,144,444,1.3590715,9.904057e-05,909312,335367.4328458309,42737664,0.32362536
0.14562674,0.77639055,1194.54,1940.80868195,0.15851539373397827,125,445,1.4105089,0.0003461693,911360,336132.8333263397,42833920,0.2700472
0.11333249,0.7637498,1408.48,2080.44045997,0.10701507329940796,142,446,1.3997405,-0.004269633,913408,336808.3693165779,42930176,0.37426087
0.12592277,0.7735284,1199.2,1797.3420042800003,0.10408687591552734,143,447,1.4308225,-0.0041554305,915456,337480.5783030987,43026432,0.27915174
0.14551616,0.75816315,1169.17,1784.1965886,0.11597764492034912,142,448,1.3540336,-0.0046351966,917504,338155.0789153576,43122688,0.31682575
0.1208224,0.7375592,1016.76,1712.2914557599997,0.11507099866867065,143,449,1.3400016,-0.0049776183,919552,338826.3701531887,43218944,0.329494
0.14144784,0.75089085,1168.25,1829.0010298100003,0.15339720249176025,142,450,1.3909795,-0.00042872888,921600,339500.23860120773,43315200,0.27823353
0.11441568,0.7278481,1191.99,1980.0697604000004,0.15667802095413208,141,451,1.2981093,-0.009328974,923648,340180.0497419834,43411456,0.41165558
0.13442406,0.7551425,720.5,1534.3671338100003,0.14617156982421875,144,452,1.3884289,-0.002560931,925696,340848.27946686745,43507712,0.30852905
0.1620832,0.74410945,1030.28,1487.2074339599997,0.17346245050430298,142,453,1.3569938,-0.0037865317,927744,341523.4818863869,43603968,0.31446046
0.14612822,0.74655086,895.04,1772.70791444,0.11553764343261719,143,454,1.345393,-0.003330145,929792,342194.38320207596,43700224,0.3664775
0.13789669,0.73245305,956.29,1706.39689364,0.16824638843536377,142,455,1.3081272,-0.0077530215,931840,342867.57748794556,43796480,0.31709135
0.11487254,0.733214,1023.13,1871.8337071700007,0.13753557205200195,142,456,1.3399326,-0.0037614703,933888,343541.42519807816,43892736,0.3510687
0.11442993,0.7476521,1098.74,1599.69560029,0.16677623987197876,143,457,1.3226318,-0.006526211,935936,344214.3059439659,43988992,0.33553198
0.1493547,0.73224527,806.23,1604.6282764299997,0.19354581832885742,142,458,1.3304406,-0.0075515597,937984,344891.923694849,44085248,0.40320498
0.112206794,0.78933,884.79,1694.81207565,0.2148151993751526,142,459,1.4364265,-0.006405709,940032,345567.55345749855,44181504,0.31563026
0.11724606,0.772557,1376.73,1942.3616960699997,0.10650604963302612,143,460,1.3905684,-0.008691719,942080,346237.52908587456,44277760,0.39219418
0.11382226,0.7676093,681.75,1488.1465680300003,0.2682148814201355,142,461,1.4380894,-0.008408049,944128,346910.92847394943,44374016,0.31890452
