# {"t_start": 1544038747.5240602, "env_id": null} 
r,l,t1219.285718,4500,1625.835456611861.926045,4500,3170.875466501783.186368,4500,4658.336355931837.060893,4500,6140.966568141846.533297,4500,7631661595.782739.902607,4500,933661558.1401819.892067,4500,10660583.2711837.652901,4500,123661577.91612740.494639,4500,13656555.27601661.820745,4500,1526520.720236,4500,16943.861743
593.406555,4500,18407.274697
588.640273,4500,20030.147998
571.362356,4500,21672.585533
633.324482,4500,23325.721946
615.450813,4500,25193.970797
632.132925,4500,26848.651868
602.939182,4500,28501.92496
550.509716,4500,30163.786407
548.722334,4500,31815.7757767518.932852,4500,33700.5017867325.896964,4500,35251.4309297451.012799,4500,36856.0521917589.831834,4500,38463.9301927616.046557,4500,40070.9295377350.920129,4500,41890.7244617630.345523,4500,43502.2095787557.659194,4500,45119.2131547577.320245,4500,46737.1577737575.532877,4500,48351.45776
591.02343,4500,50179.157696
601.747617,4500,51792.112572
554.680229,4500,53395.944639
593.406553,4500,55000.019478
557.659172,4500,56599.072004
579.107641,4500,58418.985344
550.509738,4500,59951.700897
600.556042,4500,61441.016183
583.873956,4500,62929.581615
599.36445,4500,64427.342678
601.74761,4500,66131.119948
426.585423,4500,67622.387673
604.130781,4500,69113.797518
614.854988,4500,70610.994468
606.513923,4500,72119.745204
515.358153,4500,73861.540914
611.280272,4500,75392.890725
600.556076,4500,76918.540022
557.063409,4500,78458.0374
599.960242,4500,79985.018377
455.779123,4500,81721.597551
615.450782,4500,83256.649923
585.661321,4500,84800.308925
565.404463,4500,86340.499297
540.977062,4500,87878.420236
576.128665,4500,89633.36759
601.747603,4500,91179.252836
555.27603,4500,92716.104848
533.231801,4500,94254.609103
525.486581,4500,95792.249342
592.810754,4500,97534.76095
574.937105,4500,99072.542915
555.276042,4500,100603.79405
554.680196,4500,102137.743771
566.596025,4500,103675.612189
626.770788,4500,105431.990118
367.006475,4500,106975.002881
602.939218,4500,108507.867169
505.825467,4500,110047.216397
511.783387,4500,111577.736152
576.128649,4500,113335.498577
568.383408,4500,114883.57029
611.280272,4500,116424.706749
585.661339,4500,117961.448422
610.684502,4500,119497.756537
370.581193,4500,121029.199258
642.261335,4500,122781.471519
260.360102,4500,124318.351146
642.26134,4500,125850.569244
564.808677,4500,127382.860543
530.848656,4500,128917.704043
631.537104,4500,130661.165927
602.343438,4500,132195.158218
577.916035,4500,133731.739001
615.450786,4500,135274.958671
586.852898,4500,136804.754606
591.023419,4500,138550.146666
509.995984,4500,140084.628121
598.172866,4500,141618.07852
571.958117,4500,143163.46281
564.212819,4500,144697.545223
605.918165,4500,146445.154108
630.941356,4500,147981.00109
517.741263,4500,149518.75888
586.257102,4500,151052.325113
554.680228,4500,152586.830552
610.684486,4500,154338.979558
574.341317,4500,155873.394232
585.065503,4500,157411.133855
604.72657,4500,158907.073374
608.301295,4500,160378.099062
558.254987,4500,162062.968673
571.362372,4500,163542.268499
616.046563,4500,165015.333962
594.598144,4500,166486.333525
552.89286,4500,167953.165231
540.977067,4500,169630.972186
655.964489,4500,171098.140372
596.385505,4500,172559.570177
675.029764,4500,174025.815913
605.918152,4500,175496.072922
509.996001,4500,177173.323373
602.939215,4500,178641.380254
535.614974,4500,180108.580591
596.385532,4500,181572.605071
542.168642,4500,183034.664997
589.831833,4500,184674.22965
498.080203,4500,186116.433032
650.602401,4500,187530.76062
573.745496,4500,188941.698606
552.297077,4500,190356.036955
574.341299,4500,191987.64876
543.360235,4500,193400.501006
654.77289,4500,194808.974119
512.379156,4500,196217.559357
581.490779,4500,197625.415368
642.857127,4500,199254.823968
596.981262,4500,200666.565255
527.273901,4500,202061.354778
564.808668,4500,203464.117207
628.558139,4500,204871.852266
374.15594,4500,206513.419619
608.301315,4500,207923.119178
612.471846,4500,209346.411829
602.939192,4500,210756.159678
473.057025,4500,212164.021201
616.046561,4500,213797.95135
558.850771,4500,215215.018437
415.265422,4500,216630.886963
588.640266,4500,218056.249162
622.004448,4500,219473.616979
552.297094,4500,221087.826635
599.960276,4500,222480.336136
511.187562,4500,223892.352728
597.577072,4500,225304.136533
448.62967,4500,226713.921077
409.903352,4500,228121.885948
593.406558,4500,229762.058224
452.800189,4500,231170.0281
542.764421,4500,232582.686204
592.810775,4500,233972.508519
278.233804,4500,235394.166762
455.183351,4500,237011.714964
2438.56743,4500,238433.587075
557.659176,4500,239838.889035
511.187561,4500,241244.334069
606.513941,4500,242641.362378
591.023441,4500,244281.755999
546.339162,4500,245682.419791
621.408649,4500,247138.075446
554.084469,4500,248589.596703
491.52653,4500,250008.763524
530.848632,4500,251690.64097
607.705518,4500,253216.53474
611.280249,4500,254740.564126
560.638126,4500,256271.243566
645.836064,4500,257802.318057
589.236042,4500,259874.355041
536.80657,4500,261792.211619
439.692813,4500,263718.21954
607.109711,4500,265644.814118
595.789755,4500,267569.095159
624.38763,4500,269721.872487
607.705526,4500,271648.985096
474.844401,4500,273568.719386
551.105517,4500,275493.884104
654.177131,4500,277431.068627
572.553925,4500,279355.904351
582.682386,4500,280876.634465
572.553935,4500,282400.990812
636.899231,4500,283901.737263
616.0466,4500,285420.355377
225.20852,4500,287151.34298
519.528665,4500,288669.568229
337.812807,4500,290197.167287
438.501262,4500,291721.153151
511.187631,4500,293242.28063
436.713876,4500,294968.021011
574.341321,4500,296504.083489
409.903334,4500,298026.647827
434.330705,4500,299550.813848
524.890772,4500,301073.161612
456.970707,4500,302812.624759
-1.8e-05,4500,304333.084939
437.30964,4500,305853.375383
508.208656,4500,307376.507214
381.901232,4500,308903.917906
204.951691,4500,310635.509114
458.162284,4500,312158.831765
493.909743,4500,313674.14452
304.448576,4500,315194.23592
75.069471,4500,316713.077171
281.212749,4500,318447.605821
368.198079,4500,319965.734751
435.522323,4500,321487.456089
236.528519,4500,323006.246008
260.360104,4500,324520.344561
462.332818,4500,326262.296095
580.299203,4500,327782.974681
103.667403,4500,329451.053303
160.267446,4500,331371.566973
496.88865,4500,333299.76852
445.054946,4500,335539.610532
253.80641,4500,337452.250073
486.164434,4500,339356.823098
582.682349,4500,341273.98207
374.751733,4500,343181.795426
365.219129,4500,345315.241668
38786
1733.46302,4500,338257.713302
485.894938,4500,340170.408643
1675.462049,4500,342083.595006
469.479568,4500,343988.662204
526.386182,4500,345889.072895
4500,342197.775679
724.677518,4500,344103.103666
790.402102,4500,346235.771449
.688259
31989,4500,343729.01184
3211.892533,4500,345628.534007
,335996.3334.5081516.062539,4500,337907.181272
1693.986814,4500,340051.958146
2215.403561,4500,341964.516011
2447.693612,4500,343869.363039
2317.957022,4500,345770.536372
45,4500,344012.280035
3388.132276,4500,345912.298025

859.824006,4500,341157.466849
1462.756522,4500,343065.995172
3849.266776,4500,344969.384646
610818
2105.841313,1056,334031.435366
896.921382,4500,336036.645669
1761.873377,4500,337946.699014
2161.491868,4500,340091.164241
1831.732572,4500,342003.810733
1723.983587,4500,343909.065483
1796.803001,4500,345810.416342
69493,4502890.873066,4500,1481.385364,4503361.718632,4500,344160.368249
3361.718649,4500,346292.710382
,4500,345926.935367
47.395147,4500,298792.372442
5249.748094,4500,300313.021217
4927.73126,447,300422.82403
4932.437144,398,300728.771028
4937.479177,770,300917.178082
4928.067397,575,301058.166768
5324.033809,4500,302797.841518
5267.227087,4500,304318.104157
4927.395141,552,304454.352038
5222.857328,4500,305973.399648
5326.050612,4500,307497.25938
5310.252281,4500,309237.837446
5294.453972,4500,310756.275735
5253.445572,4500,312281.667243
4935.798499,425,312386.915236
5308.571617,4500,313899.372025
4928.739671,703,314278.391629
4938.487584,1218,314577.60535
5314.285909,4500,316306.31745
5326.050601,4500,317826.368574
4936.806901,485,317945.352298
5275.630447,4500,319470.077581
4938.487566,451,319580.601979
4933.2852.350132,4500,320885.165288.067417,4500,321454.566393
4924.2826.294287,4500,322719.292683
3048.535435,4500,324236.599923
3048.535418,4500,325766.630005
3048.535426,4500,327290.660459
2841.621257,4500,328833.961357
2827.826983,4500,330995.634637
2789.509551,4500,332920.675197
3045.470023,4500,334841.815837
3043.93733,4500,336846.1977
1359.502722,214,336914.890789
3042.404637,4500,338820.604393
3048.535424,4500,340967.813307
3048.535427,4500,342876.364839
2860.013635,4500,344780.319199
3048.535434,4500,346685.081731
1376.362403,378,346805.617894
500,345023.927608
533.61078,395,345380.618639
533.610782,2652,346463.277682
31121
5266.890945,4500,343143.114004
4939.374.836477,4500,344100.335296.4290.449203,4500,346233.066479
815303,572,345652.357273
47912,4500,333058.068981
1906.722067,4500,334978.315592
1552.398058,4500,336981.276824
1857.439574,4500,339119.028572
1743.580085,4500,341035.98325
1893.976616,4500,342942.683505
1884.629918,4500,344846.149365
1811.555925,4500,346751.597092

1403.313113,903,338250.410991
1499.03307,4500,340163.095747
1584.890994,4500,342076.174347
1583.150632,4500,343981.271909
1512.37584,4500,345881.729316
1079.025359,1191,346496.447308
437.411368,369,346615.921656
,4353,345533.795487
42187.398114
896.522065,3721,343843.211158
1068.097868,4500,345744.789644
1268.269617,1200,346360.848933
1302.27562,669,346577.06314
53,4500,340985.847391
1358.670152,4500,342893.925982
2043.820525,1565,343626.908131
1087.993468,2124,344538.950116
546.640069,4500,346441.174796
2022.673895,909,346734.118868
247,619,300084.698885
2782.27608,1632,300694.286732
5883.58202,4500,302221.474742
2225.652955,1284,302538.45679
5299.253669,4500,304268.694948
2211.380572,904,304491.197834
5598.97377,4145,305923.399853
5772.761092,4500,307446.974641
2764.645488,1607,308052.649851
3069.402945,4500,309580.183284
2768.84325,1165,310073.782629
5541.884234,4500,311595.847484
7108.488752,4500,313114.75825
5954.104398,4500,314632.17196
7111.007391,4500,316360.836148
5633.395481,4500,317881.090467
4592.350696,4500,319405.607527
5453.731257,4500,320923.227378
1690.018636,1053,321393.014917
2242.444008,968,321627.516149
4262.406657,2345,322409.813199
1690.858191,945,322852.513247
1674.906696,1950,323536.439242
2774.720118,1098,323805.474538
1682.462667,744,324195.286771
7163.059607,3456,325253.439045
461.753726,177,325297.544355
5553.637978,3465,326573.758964
5615.764866,4500,328091.937787
5364.738733,3643,329581.89162
7621.455145,4500,331501.880445
4967.630526,4500,333664.768489
5340.391728,4500,335669.554926
5505.783505,4500,337582.073947
3368.283504,4500,339485.991893
2772.201459,1014,340050.57417
5623.32083,3475,341400.483717
4970.988722,4500,343309.172248
2772.201462,869,343817.523559
1649.72015,498,343977.937957
2793.19028,787,344461.640696
5560.354413,4500,346362.367812
2771.361911,709,346591.684692
0.365294
1564.493359,4500,315870.757216
3676.916259,4500,317390.973881
2731.717999,898,317820.063543
3105.991116,912,318043.532031
1818.237807,4500,319568.326022
3679.295087,4500,321297.02878
2358.237847,1114,321568.419867
2255.947068,1531,322149.563686
3746.695952,4500,323670.187014
3239.206974,3147,324857.672217
2630.220197,4500,326388.846816
1866.607897,4500,327908.916979
2324.140931,577,328050.866678
1861.057249,4500,329804.401207
2674.625492,536,330212.795423
3794.273055,4500,332134.292856
2378.854624,1619,332893.190059
2245.63874,448,333038.420956
1550.220233,4500,334959.174323
2676.211404,603,335154.188897
1521.673966,4500,337387.463293
2198.854654,742,337625.053048
2373.303899,685,337843.703592
2217.092486,2331,338823.72178
1535.947098,4500,340971.144566
2260.704805,532,341141.183125
3848.19374,4500,343049.910584
1564.493361,4500,344952.993358
1533.568249,4500,346858.505351
531.197302,114,306115.713054
3735.455324,1432,306675.570796
603.288365,110,306703.061218
4156.618887,1322,307236.882652
671.585158,171,307279.115034
5176.327992,4500,308806.747294
2011.909781,474,308922.59022
4250.526986,1681,309547.046781
3739.24958,638,309914.24832
4143.338957,1107,310182.5001
3735.455316,3674,311502.278549
497.048907,172,311544.457521
4240.092751,954,311777.52808
4345.383646,1351,312320.972012
594.751266,144,312356.306071
5122.259699,4500,313869.797741
3734.506747,2129,314599.45978
1971.121419,462,314922.740878
4243.887013,1251,315229.281987
4251.475546,751,315620.061138
631.745365,136,315653.60353
5138.385344,4500,317172.262537
5060.602846,4500,318698.932547
4149.978927,1039,319160.593864
1969.224286,2048,319872.152253
4880.375218,4500,321393.14975
1029.19477,165,321433.126383
638.385329,3799.81025,4500,325094.751265,43539.37381,2579,323749.888606
2129.601515,4500,325271.393549
2729.032255,1286,325802.907904
9211.666662,3548,327092.980848
1033.20683,730,327271.712122
2717.931686,1322,327802.43386
3214.895632,1192,328093.995576
5666.413658,4360,329816.780643
6739.753314,4500,331973.677577
584.91461,126,332014.09616
3351.518023,1663,332786.293798
6733.776083,4042,334560.352026
2264.516128,4500,336566.091585
1007.590132,976,336880.060223
2150.094873,4500,338785.87177
3214.895632,1658,339546.075173
3251.6129,865,340063.696283
2731.593925,2336,341048.949603
7163.282729,4500,342955.770038
6362.333959,2250,343909.188187
1011.005692,668,344122.442513
2878.462995,1269,344760.685249
3214.895632,1276,345397.775872
4.536148
3745.889548,1265,341066.095595
711.424957,123,341105.173951
3631.112986,1398,341787.926848
3738.301013,2179,342717.061872
5080.522774,4500,344622.371231
1031.091907,154,344671.574968
5127.951099,4500,346574.530826
339455.464759
1341.355991,611,339650.246171
2523.498509,3386,341211.228224
2225.571296,830,341478.780624
1776.630435,1255,342114.520031
1304.456731,1887,342949.945151
2541.26485,2394,343949.479691
2513.248758,2499,344979.602638
1102.194182,904,345498.330117
2490.015883,1795,346304.713981
1296.256913,1303,346725.562164
302242.28369
2324.127872,4500,303771.116704
1335.755794,608,303915.827468
1287.790678,563,304261.762107
2325.58136,4500,305783.267029
1124.999983,566,305920.867507
1069.767426,721,306098.440468
1402.616258,559,306442.824526
624.99999,179,306487.476593
2332.848802,4500,308013.750862
1398.255793,188,308059.76751
1328.488352,531,308192.044896
1350.290677,389,308498.691755
1383.720909,573,308639.934203
1284.883701,353,308725.690972
1388.081374,577,308866.47708
1359.011607,590,309224.619003
1154.06975,653,309384.469821
2328.488337,4500,310905.364867
619.186037,213,310957.553109
1376.453467,172,310999.698969
1103.1722.891596,4500,312117.379734
339.931159,113,312145.445529
326.161796,238,312203.916961
290.017217,157,312243.119754
326.161796,220,312298.052893
302.06541,187,312343.264843
362.306375,258,312408.166891
386.402761,137,312440.9718221271.802306,950,312786.931303
1124.999983,486,312905.722217302332.848802,4500,314416.8627666.2332.848802,4500,315937.041116
1186.046494,472,316051.593426
1393.895328,380,316355.025783
1315.406957,412,31643522.375276,4500,317454.479827
394.1480272319.767406,4500,3181734.939789,2318.313918,4500,319597.730123
2327.034848,4500,321326.545423
1315.406957,677,321492.347513
1232.558121,464,321602.99199
1123.546494,410,321703.093653
2318.313918,4500,323435.77313
1117.732541,464,323545.45178
1077.034867,732,323725.095375
1109.011611,475,323841.014606
629.360456,198,323889.372466
1123.546494,357,324184.84657
1245.639516,9674.698807,4500,321069.767426,320,324491.668185
1175.872075,496,324823.378832
1095.930216,449,324934.063215
2193.31392,4500,326466.257064
1252.906958,354,326553.657898
1129.31738.38213,4500,327877.71146
381.239249,185,327922.711941
271.944927,85,327944.16018
418.244413,823,328146.32297321738.38213,4500,330164.81799
1739.242715,4500,332086.90079
585.197945,4500,334010.471529
734.939772,4500,336015.175642
263.339075,137,336058.957901
412.220317,108,336094.186877
233.218593,118,336132.513983
1739.242715,4500,338273.095619
345.955256,130,338315.959339
677.280562,4500,340228.237879
222.030985,132,340269.813894
351.118767,136,340313.692229
1719.449255,4500,342225.49125
392.426857,141,342270.053442
378.657494,205,342335.515023
295.180728,191,342396.393508
244.4062,106,342663.447211
3561.10161,4500,344568.82443
368.330471,191,344630.094339
512.048202,130,344671.748867
1783.993146,4500,346574.697622
506.88469,197,346638.946936
339.931159,88,346667.149385
285.714291,157,346717.019591
320.137699,123,346756.291348
304.647165,153,346805.177072
802,4500,345649.470737
1348.837189,239,345726.667637
1079.941844,316,345828.956059
1385.174397,334,345934.468529
364679
1875.679867,654,342205.249106
1881.895846,903,342726.688226
1620.823617,1069,343069.073673
4697.746737,4500,344972.644247
661655,1209,342697.359999
1909.386032,269,342784.140905
1879.361669,883,343066.597834
2096.835312,2543,344112.639367
1876.115803,859,344619.894054
2092.777957,337,344727.224649
493.373015,141,344772.598191
2081.417395,264,344855.502823
2860.427422,4500,346761.167506
403.299983,214,346829.835203
5.933672,1843,295294.406582
2289.30719,865,295723.21441
2512.951765,1441,296080.223621
1749.849368,723,296468.236556
4361.746941,1632,297078.020754
3712.499948,1132,297356.003054
3671.837287,2198,298104.643221
2419.427674,931,298546.15947
3665.06018,1652,298950.353549
3665.060182,1671,299568.419467
1893.52407,580,299710.037225
3671.837299,1671,300330.941676
2415.361405,1287,300854.857583
3671.837296,1835,301519.06981
2457.379481,911,301742.357169
2887.048147,924,302178.29702
3671.837284,2000,302879.34858
3652.861383,1720,303515.020388
4219.427651,1823,303957.388116
2469.578274,1423,304517.188693
2338.102373,967,304962.90581
1490.963832,478,305080.87371
2456.024063,813,305278.966906
3717.921641,1387,305826.883609
3510.542114,1416,306381.599756
3662.349341,1832,306832.40007
2286.59635,729,307220.931748
2533.283092,1092,307489.704915
1512.650577,646,307858.826076
1771.536117,600,308006.092966
3671.837289,1673,308630.374175
2431.626469,1030,308881.921895
3663.704764,1908,309561.364818
2453.313218,909,309993.604661
2457.379476,1048,310247.147247
1676.656607,464,310361.693258
2457.379476,1174,310861.018704
2967.018024,1156,311353.071108
2500.752978,901,311573.589846
1626.506001,466,311687.759841
2339.457804,912,312121.509154
2492.620443,976,312362.542313
2771.837308,1164,312858.592185
1679.367446,809,313051.974478
2316.41563,916,313483.601732
2456.024058,878,313696.951576
3639.307172,1824,314350.780133
4365.813202,1651,314966.108666
3663.704762,1449,315321.563098
3670.481868,1995,316015.840624
2542.771044,1003,316470.967468
1497.740942,564,316609.770587
1779.668645,788,317009.889322
2457.379482,1106,317281.854701
3670.481876,1601,317883.70853
3660.993924,1933,318570.901883
2446.536104,991,318813.149462
2457.379473,1491,319386.800278
2504.819237,958,319622.449697
3647.439705,1634,320227.335444
1866.415634,948,320669.592485
3669.126453,1863,321338.234577
2862.650557,1257,321643.03266
2502.108398,1101,322120.25546
2499.39755,1124,322395.891758
3665.060179,1745,323034.992766
2500.752978,1196,323534.128804
2512.95177,865,323746.402487
1996.536111,812,324152.977459
2454.668637,996,324395.22309
3643.373443,2060,325110.627962
3671.83729,1332,325654.243245
3673.192712,1986,326351.778558
3670.48187,2092,327075.4501
3655.572231,1784,327719.071371
2439.758998,1038,327974.207263
2320.4819,869,328395.633914
1924.698765,4500,330218.667014
1508.584311,846,330491.430398
2710.843328,1309,331146.207969
1741.716841,709,331374.928604
3647.439699,1832,332203.458965
2457.379481,863,332482.020511
4239.758981,1886,333329.037079
2526.505983,978,333878.838182
3652.861391,1468,334584.827507
2480.42165,1359,335024.535056
2996.837311,1232,335741.767155
1934.186722,4500,337653.042535
3667.771022,1913,338498.930413
1954.518047,481,338653.464761
3660.993923,1675,339420.10859
2500.752975,770,339665.561599
3660.99392,1430,340364.553853
1923.343352,4500,342275.262385
2456.02406,729,342741.66352
3658.283077,1774,343541.943601
1661.746959,708,343768.739984
2457.379476,914,344061.443045
4365.813203,1788,344863.762489
2451.957793,918,345387.99251
3665.060184,1543,345881.961477
3671.837294,1496,346595.232501
1711.897572,500,346755.643282
9
3580.060454,869,305139.891975
2696.374672,1717,305767.662042
9518.16668,2169,306507.886613
9683.611114,1424,307067.594958
2016.616319,343,307151.453669
9641.777829,1612,307757.599404
3582.326305,1170,308045.752245
9765.944476,1054,308517.300944
9737.388912,1182,308806.866874
9652.277789,1565,309403.749863
3582.326323,1067,309664.093189
3632.175234,795,310066.367665
9662.888917,1517,310647.239308
9800.555529,898,310869.291586
2689.577062,686,311037.069429
1993.957713,423,311349.616167
9774.666713,1014,311597.848465
3609.516637,1580,312195.645304
3598.187288,1940,312883.17246
7432.024235,1856,313540.338563
9641.11111,1615,313934.739488
2012.084575,458,314254.582945
9511.722257,2198,315002.637685
9730.166697,1215,315300.76297
9304.444499,3130,316482.855489
9769.27777,1039,316737.715691
9716.000024,1278,317258.962514
1993.957704,241,317318.095958
3580.060458,1046,317783.689778
3580.060542,2422,318590.919854
9678.166735,1449,319153.22454
9335.000022,2993,320094.994395
9398.500042,2707,320965.544717
9792.611114,934,321406.567586
3604.984873,609,321554.132623
9722.222225,1250,322067.46385
3582.326261,704,322238.752398
3589.123888,860,322450.998399
9730.111112,1215,322959.291051
9748.777818,1131,323446.668155
9762.166708,1071,323705.332756
2016.616324,400,323802.990636
3609.516619,486,324130.109028
9502.777796,2238,324887.048291
9687.333299,1407,325233.992042
9789.555561,947,325681.521693
9669.77786,1486,326256.052803
9721.055556,1256,326566.022783
1991.691859,478,326682.869656
9691.388904,1389,327232.992183
3598.187332,866,327444.474436
9629.500068,1668,328059.894431
3616.31423,677,328435.061773
9769.277834,1039,328692.708019
3648.036257,1039,329251.813167
9584.444501,1870,330092.255228
9706.666671,1320,330518.102437
2014.35045,822,331016.593821
9682.500011,1429,331476.826077
9771.222182,1030,332047.129453
9776.444501,1006,332370.361095
9739.555566,1172,332986.982241
1991.691849,199,333051.154497
3593.655622,706,333280.656195
9719.333342,1263,333921.447234
9560.444521,1978,334792.816711
3584.592143,1648,335645.313325
9534.000021,2097,336554.642033
9711.666642,1298,336971.043608
9428.388939,2573,338258.638559
9543.777835,2053,339149.338058
9507.166735,2218,340098.394855
9741.111138,1165,340471.98557
9759.111111,1084,341055.49163
9732.000028,1206,341442.028626
3591.389755,1187,342056.657571
9836.499918,736,342290.809722
9443.611197,2504,343557.765301
9834.333294,746,343796.599585
2009.818733,200,343860.525157
9543.722125,2054,344750.001994
1984.894279,569,344930.427796
3609.51664,765,345405.896835
2687.311185,829,345670.419348
2037.009068,231,345745.130867
5974
1711.304807,995,336998.805651
2612.362776,4500,339136.523119
1973.158247,1285,339545.759472
1691.908257,971,340097.504034
1710.423144,334,340204.51039
1711.304807,814,340465.515624
1711.304807,796,340955.934273
1983.738189,2051,341848.657503
1708.659833,697,342071.844309
1707.778163,745,342308.863564
2434.26717,4500,344446.72233
1578.173947,585,344633.936597
1675.15669,716,344861.390226
1596.688823,674,345077.160578
1711.30481,488,345463.540881
1701.606534,493,345620.085942
1981.093207,836,345889.129227
1968.749944,1161,346494.440964
1577.292276,493,346654.054798
568,4500,325654.45788
3601.476841,4500,327180.59701
355.78429,89,327202.554716
359.140751,136,327234.659233
545.759675,156,327272.662567
143.6563,35,327281.344849
2953.680905,4500,328822.244584
355.78429,89,328851.020597
3601.476828,4500,331012.161065
143.656297,125,331052.110429
143.656291,284,331143.384632
143.656298,73,331166.815102
349.742669,141,331212.385078
143.656298,76,331237.088183
2493.846503,874,331518.46767
143.656299,65,331539.270173
1911.837098,4500,333703.107626
143.656293,271,333790.582755
143.6563,35,333801.714368
3595.435218,4500,335806.72707
3601.47683,4500,337717.520756
2493.846491,560,337895.778845
143.656298,73,337919.439601
143.656298,75,337943.649635
143.656298,89,338204.139006
3558.51421,2802,339334.144181
341.687175,145,339379.923233
143.656298,83,339406.68203
143.6563,66,339427.555208
143.656301,33,339438.178584
143.656301,38,339449.986777
3601.47685,4500,341368.264329
143.656298,50,341384.025558
3601.476828,4500,343292.111297
3600.805533,4500,345424.402972
347.713629,137,303632.665549
691.672251,359,303721.720283
452.853819,214,303773.662842
539.218975,383,303867.282361
462.616837,569,304210.942227
543.724983,291,304282.475741
437.08279,308,304358.24981
332.693602,494,304479.712798
494.909895,316,304557.375267
399.532722,210,304608.666703
544.475985,256,304671.956134
394.275713,241,304939.687682
310.914562,236,304998.199861
314.669569,298,305071.889553
542.973982,479,305188.863467
542.973982,191,305235.082975
676.652224,269,305300.839568
1293.97534,4500,306820.962343
685.66424,179,307074.685911
295.143534,327,307154.602398
485.897879,441,307263.431869
433.327784,215,307316.9708
544.475985,159,307355.062651
544.475985,447,307464.754876
544.475985,255,307527.944179
542.22298,352,307824.373847
541.471979,289,307895.425283
537.716972,515,308022.210253
736.732332,224,308076.915352
736.732332,266,308144.38159
736.732332,225,308199.861713
493.407892,220,308253.887264
544.475985,255,308526.951126
736.732332,404,308627.047173
413.801748,273,308693.62247
542.973982,191,308739.87986
543.724983,191,308786.405554
326.685591,455,308898.039469
1308.244366,4500,310629.713965
544.475985,161,310669.402618
532.459963,351,310755.30656
733.728327,405,310856.100137
1053.654905,4500,312381.174842
502.419909,352,312466.073838
523.447947,253,312526.212608
683.411236,270,312804.27958
735.981331,224,312859.722748
540.720978,323,312935.53649
538.467974,355,313021.331958
544.475985,256,313081.719477
484.395876,252,313143.104735
1313.501375,4500,314870.586865
301.151545,454,314982.158054
1255.674271,1029,315234.352737
544.475985,287,315305.230882
690.170248,450,315621.661749
508.427919,253,315684.373195
288.384521,138,315718.26952
522.696945,351,315804.184864
1313.501375,4500,317323.306481
735.981331,404,317423.735235
544.475985,191,317471.151658
536.21497,292,317749.243813
533.210964,421,317853.569692
543.724983,255,317916.034696
533.961966,319,317993.79519
461.865835,600,318142.569032
928.98868,1303,318673.760494
688.668245,180,318717.981806
543.724983,287,318787.786815
674.39922,629,319149.6683
307.910557,141,319184.103526
304.906551,709,319358.291575
532.459963,259,319422.543414
267.356483,486,319541.880805
729.97332,448,319859.713829
321.428581,107,319885.838901
458.110828,246,319945.835746
509.178921,379,320038.5356
509.929922,251,320099.404492
689.419247,539,320228.962453
1302.236355,4500,321750.573657
544.475985,383,322053.036359
360.480652,429,322156.973655
522.696945,477,322273.343596
663.134199,449,322384.064701
544.475985,256,322447.7875
544.475985,384,322752.266418
521.945944,449,322862.561558
730.724321,674,323027.65799
543.724983,387,323122.402103
543.724983,355,323419.78596
516.688934,383,323510.860242
531.708961,607,323658.829969
374.749678,365,323747.960576
544.475985,191,323794.5053
466.371843,343,323878.464477
1122.74703,760,324271.498383
422.062763,273,324337.728045
1312.750374,4500,325869.469019
407.793737,181,325913.376075
736.732332,764,326310.533974
544.475985,319,326388.842
513.684929,253,326451.764881
544.475985,287,326522.765864
465.620842,253,326585.166343
452.853819,213,326637.203691
536.965971,162,326676.774592
414.55275,212,326728.851853
544.475985,255,327000.587412
420.56076,371,327091.645713
1028.120859,656,327252.728326
393.524712,214,327304.863619
537.716972,260,327368.189407
690.921249,359,327455.901155
428.821775,149,327699.088388
536.21497,354,327786.238339
413.050747,600,327933.041215
455.857824,246,327994.036077
527.202953,351,328079.287582
544.475985,95,328102.729523
421.311762,177,328146.815085
443.841803,342,328438.876961
542.973982,223,328494.448459
488.901884,378,328587.989388
544.475985,383,328683.066103
530.206959,317,328766.695209
310.163561,264,328852.606124
440.837797,307,329189.569047
480.640869,154,329240.137948
285.380516,203,329305.854211
685.66424,719,329539.277879
388.267702,308,329639.624651
544.475985,223,329711.255722
736.732332,224,329783.498114
362.733656,267,330104.74984
1253.421267,1205,330493.483725
369.492668,398,330621.550195
1305.24036,4500,332779.056138
544.475985,223,332851.62882
544.475985,225,332924.888139
1099.465988,507,333090.450802
1087.449966,700,333316.381753
1311.248371,4500,335556.049813
324.432587,263,335640.823196
511.431925,220,335711.91746
1289.469332,3371,337030.38365
1280.457315,2020,337908.129014
428.070774,280,338229.845318
543.724983,256,338312.419486
346.962627,459,338459.977543
527.202953,157,338511.171834
534.712967,227,338583.333001
423.564766,274,338671.709346
540.720978,159,338723.621822
544.475985,128,338764.027767
310.914562,296,339089.138214
1261.682281,3935,340589.956419
654.873184,179,340880.776253
544.475985,259,340964.295901
510.680923,315,341066.082043
542.973982,224,341136.76931
349.966633,393,341263.236002
523.447947,541,341437.278991
704.439274,314,341772.311248
330.440598,266,341857.313112
518.190937,255,341939.440842
681.158232,629,342140.486116
387.516701,365,342255.87098
544.475985,255,342337.139027
313.167566,262,342653.924809
687.917244,630,342856.589549
1313.501375,4500,344760.948589
541.471979,640,344964.648495
541.471979,451,345339.128104
310.914562,234,345413.82803
533.961966,354,345526.466729
518.190937,258,345608.298134
106
1233.834021,1404,328795.636122
1246.435852,733,329271.368178
736.634422,380,329394.843489
1246.435851,1085,329745.87803
1092.922609,380,330103.78894
830.575357,284,330195.566529
1238.416508,444,330338.808749
1242.998987,1212,330963.992258
1246.435851,2173,331900.264435
1174.261711,572,332085.698435
1092.922616,252,332166.469235
1241.853368,1180,332782.562517
854.633406,380,332906.505219
1239.56212,1212,333299.782502
1232.688396,957,333843.177508
1244.144603,797,334098.585901
1246.435856,668,334548.107985
1230.397156,668,334762.989875
1233.834021,1469,335558.345622
1240.707751,764,335805.074989
1246.43585,2141,336728.268158
1240.70774,2717,337829.902952
1246.435853,1532,338553.899485
1126.145626,477,338708.005814
1175.407336,444,338848.298144
1246.435852,2686,340178.774246
764.129333,188,340239.357201
1099.796339,284,340331.114889
1242.998999,316,340431.960734
1245.290228,2462,341457.304287
688.518331,316,341792.733532
1228.105909,541,341965.783918
1217.795326,1372,342403.305997
1095.213849,477,342789.984556
1233.834019,476,342941.8181
1244.144613,541,343115.739048
1143.329942,701,343571.782123
1228.105907,1052,343909.13025
1234.979634,828,344173.623561
1239.562137,3806,345852.694183
1089.485744,284,345942.628786
1246.435858,1852,346771.237709
80455.950058
339.590598,117,280484.990451
328.553905,91,280507.410857
2913.687364,1972,281201.71078
366.757849,114,281439.424211
208.848217,92,281462.066788
195.264593,97,281486.007766
221.582865,105,281511.777205
154.513722,98,281535.461092
306.480514,90,281556.87444
1135.930559,4500,283078.069453
207.999241,143,283113.753028
146.023957,90,283136.154788
303.084608,86,283157.065181
1132.534652,4500,284650.437259
331.949811,90,284672.660695
2949.344363,1510,285256.557899
213.942076,91,285279.268952
175.738135,89,285301.327527
218.186959,91,285323.522654
209.697195,104,285348.36778
523.818502,109,285374.989182
2799.924511,4258,286839.186879
251.297044,87,286860.25186
355.721151,113,286887.633781
157.909628,85,287117.974014
2020.564075,1992,287811.030904
593.434581,115,287838.108174
2993.491156,1710,288258.405098
324.309022,89,288279.794688
338.741622,113,288307.664991
247.052159,99,288540.745864
275.917361,115,288568.972924
206.301288,101,288593.875781
176.587111,91,288616.460075
360.815014,93,288639.570968
154.513722,90,288662.004846
285.256103,100,288687.051741
221.582865,111,288713.843801
222.431841,98,288738.232032
172.342228,111,288764.995053
298.839727,95,288788.345712
153.664745,83,288808.610785
167.248369,83,288828.776856
405.810769,85,288849.33737
204.603335,86,288870.336622
338.741623,112,288897.976494
2766.814413,2538,289729.453578
166.399393,87,289965.447697
146.023957,85,289986.722414
204.603335,92,290009.675538
342.986507,108,290036.454016
125.648521,85,290057.64091
180.831994,97,290080.618771
376.096589,103,290106.036198
292.896891,80,290125.846663
306.480515,119,290154.844155
1145.269299,4500,291678.704001
203.754358,93,291701.514612
243.656255,90,291723.568396
283.55815,105,291749.134778
417.69644,86,291770.250329
152.815769,83,291790.962768
185.925852,87,291811.162231
248.750112,98,291835.222397
317.51721,92,291857.851698
333.647764,94,292090.154356
2844.920213,3094,293062.442627
242.807278,88,293084.058682
162.15451,85,293103.420711
2824.544813,1275,293617.48634
141.779075,83,293638.258006
678.332236,100,293662.907462
349.77832,84,293683.691696
323.460047,108,293709.919754
259.786808,112,293737.685891
264.880667,92,293760.160827
178.285064,93,293782.981973
162.15451,84,293803.622407
1984.907058,2022,294508.393693
172.342228,90,294530.164232
262.333737,104,294554.879111
324.309024,115,294582.977179
2002.73554,3259,295810.706267
172.342229,82,295830.779305
296.292797,91,295853.759245
212.244123,95,295877.117625
297.141773,119,295907.177821
80.652767,87,295928.824303
2828.789727,949,296372.450398
165.550416,107,296398.549933
221.582865,109,296425.431904
403.263838,113,296453.012085
2338.93025,4500,297975.940712
259.786809,85,297996.934361
2821.148907,1691,298625.208503
1145.269286,4500,300145.405718
172.342228,91,300167.697932
297.990751,85,300188.686162
221.582865,81,300208.272513
166.399393,94,300231.640469
2798.226544,4016,301639.645911
408.357698,92,301661.990818
270.823501,116,301690.396412
219.884913,102,301715.67425
356.570134,82,301735.816747
306.480515,82,301755.797424
314.121306,91,301778.396596
179.13404,100,301803.297786
1133.383618,4500,303539.989098
306.480516,104,303565.675698
1145.269301,4500,305084.527603
285.256104,84,305105.049368
207.150265,91,305127.381346
354.023203,84,305147.890674
123.101592,96,305171.349943
224.978773,89,305193.1027
264.880667,94,305215.792515
151.117816,98,305239.568904
1145.269303,4500,306760.317935
244.505231,84,306780.839254
149.419863,95,306803.315395
198.660499,95,306826.699026
270.823503,109,307063.345928
163.003487,86,307084.230026
352.325245,124,307114.442576
358.268082,100,307138.849435
2809.26325,3762,308487.078485
119.705685,89,308508.700867
142.628051,84,308529.146256
233.468536,95,308552.557458
248.750114,85,308573.584125
1145.269272,4500,310095.940398
450.806522,85,310116.832996
310.725399,89,310138.717724
2785.491896,1454,310704.108923
275.917363,89,310725.437759
248.750114,163,310765.849945
188.472782,94,310789.170371
308.178468,91,310811.866436
416.847464,78,310831.410624
444.86369,85,310852.67992
324.309022,125,310883.788009
180.831993,97,310907.808846
162.15451,86,310929.36234
342.137529,122,310958.642103
376.945569,82,310978.608611
2491.746034,4500,312500.165242
283.558149,105,312525.575015
308.178467,109,312763.728715
200.358453,85,312784.821867
222.431842,110,312812.169285
357.419105,108,312838.84336
265.729645,85,312859.927088
221.582865,86,312880.593294
117.158756,80,312900.109123
398.169978,105,312923.352534
2821.148926,917,313143.766221
295.44382,85,313164.425686
-1.1e-05,95,313187.992624
182.529946,108,313214.792897
1145.269308,4500,314942.182333
175.738134,88,314963.848083
2821.14892,3252,315967.520775
427.035179,117,315995.544911
290.349962,94,316018.457797
326.855953,85,316039.192889
1971.323419,2650,317104.717484
117.158756,85,317125.52636
2779.549065,2510,317951.871434
293.745868,105,317977.179226
427.88416,81,317997.268787
222.431842,87,318018.910972
359.966038,81,318038.831447
264.031693,85,318059.565601
274.219407,106,318086.904832
2864.446697,2114,318816.110182
201.20743,124,318845.776604
213.0931,111,318873.2796
181.680969,89,318894.864301
386.284306,118,318923.793686
258.088855,91,319154.480242
269.125551,85,319175.18801
188.472782,81,319195.429142
438.920853,101,319220.540454
172.342228,91,319242.877299
147.721911,83,319262.565382
2754.928746,1695,319887.401262
567.965281,104,319912.752317
2776.153167,2067,320625.569335
335.345718,113,320653.426279
2776.153148,4246,322110.55917
307.329493,86,322131.284942
1120.648989,4500,323652.813758
2965.474922,3650,324962.980923
2818.602001,1797,325621.198113
295.44382,105,325646.466007
251.297043,85,325667.276771
196.11357,96,325691.492561
160.456557,85,325712.21845
399.018955,88,325734.216657
401.565886,80,325753.674193
298.839728,88,325775.285553
363.361943,89,325797.289016
185.076876,91,325820.242269
368.455802,84,325840.821204
341.288551,120,325869.648793
258.088854,112,325896.457032
1143.571344,4500,327419.962559
221.582865,109,327446.938687
1143.571342,4500,329279.99035
294.594846,94,329310.439237
303.933585,109,329346.58875
180.831993,93,329376.680158
202.056405,82,329402.893833
119.705686,82,329428.965511
135.836239,85,329456.887633
116.30978,80,329482.91374
2840.675375,2535,330536.099769
288.652012,90,330565.276566
367.606825,94,330595.958469
470.332987,86,330623.589282
2833.883562,1718,331410.557993
344.684459,88,331438.889488
3002.829905,3109,332916.176912
185.925852,90,332945.428172
337.892648,111,332981.790043
148.570886,90,333010.232025
205.452311,89,333039.350094
278.464292,87,333068.336652
281.860197,116,333105.93218
233.468537,105,333139.906257
365.908873,80,333165.942008
530.610317,98,333197.778095
2044.335408,3769,334881.125693
319.215165,85,334908.274541
163.852464,96,334939.287843
225.827749,81,334965.642977
276.76634,87,334993.763364
464.39015,82,335020.279536
146.872933,83,335047.20999
378.643522,86,335075.003491
244.505231,105,335108.650524
275.068385,83,335135.83857
187.623805,97,335167.104487
273.370433,95,335198.368609
437.222902,81,335544.062883
264.880668,82,335570.276563
331.949811,92,335599.692778
486.463536,97,335631.222563
418.545418,83,335657.546845
2770.210328,947,335961.580771
396.472027,94,335992.239493
196.113571,95,336023.282633
2956.985139,4020,337779.400611
219.035937,87,337807.345208
175.738135,84,337834.153826
605.320251,116,337870.959869
286.954056,88,337899.242004
235.166489,105,337933.120447
197.811524,89,337961.331528
247.052162,86,338221.19936
224.978771,102,338253.655825
365.059896,107,338287.863255
148.570887,84,338315.684147
3117.441729,1188,338698.338951
218.186959,85,338725.744037
667.295529,130,338766.715657
406.659745,104,338799.216325
318.366188,85,338826.1775
371.002728,124,339097.629057
1145.269289,4500,341014.091782
131.591356,81,341040.421998
159.607581,85,341067.348019
363.36194,102,341099.704598
89.991508,82,341125.309961
342.986503,116,341162.306773
247.901138,83,341188.784965
240.260348,86,341216.656516
2191.208332,4500,343125.261014
464.390147,95,343155.704567
123.101591,81,343181.444092
426.186204,89,343210.230754
164.70144,93,343240.095251
120.554662,82,343266.495263
370.153757,85,343293.994833
2467.125708,4500,345426.240299
288.652009,96,345456.702197
157.060653,98,345487.849556
164.701439,85,345514.936208
127.346474,92,345544.346794

4880.813879,885,345341.012947
4427.325514,902,345628.040399
2611.918565,469,345780.036022
2611.918565,1020,346337.895664
2348.837173,633,346542.392195
2611.918565,462,346691.646847
621675
1555.639889,722,329331.493858
1896.309676,633,329536.34578
1906.555367,658,329749.102185
1673.465527,738,330222.592155
1908.262999,549,330399.462556
528.507734,256,330482.213932
1896.309659,935,331016.910625
1781.899266,592,331207.208087
1862.157312,591,331397.790216
1613.698904,664,331611.580986
1851.911596,738,332088.249324
1877.525867,688,332309.031733
1705.910268,587,332499.311213
1833.981617,641,332942.952418
1903.140132,725,333178.753513
1810.928768,576,333364.945565
2102.077625,634,333803.864471
1886.063951,946,334107.070712
2296.746058,876,334623.358781
1960.345331,778,334875.185206
1787.875924,629,335078.559496
2512.759731,894,335686.916389
1690.541703,722,335919.181861
1865.572539,1017,336481.497713
4289.536135,4500,338388.118466
1880.941104,775,338637.161675
1879.233481,787,339120.362295
3339.24678,1189,339499.877097
1619.675561,673,339715.403219
1953.514857,716,340184.329546
536.192016,145,340231.095809
2522.151622,656,340441.582447
508.016322,142,340487.451261
2079.878586,627,340923.555435
2385.542192,636,341126.871555
1926.192979,696,341351.643375
1928.754414,644,341791.728256
1897.163466,1083,342138.579089
2085.85525,709,342363.575852
2369.31983,907,342887.874665
1914.239646,818,343150.085787
2059.387175,715,343610.230361
1858.742072,710,343837.307937
1844.227316,738,344074.227059
1667.488863,696,344529.102049
587.420553,242,344606.466905
1401.100478,677,344822.042486
1919.362506,721,345052.363234
2259.178466,895,345568.221565
1244.853434,644,345775.370011
1917.654882,658,346217.867759
1632.482698,764,346463.906231
1905.701569,797,346720.338266
66,256991.141369
526.546258,298,257065.280294
426.929411,370,257365.358938
1290.09307,906,257588.739732
428.024091,214,257641.09758
423.097976,231,257697.652165
593.869747,497,257820.612589
2297.75594,4500,259898.604486
402.298861,515,260066.199483
421.455943,254,260148.464326
421.455946,358,260262.97133
429.118786,299,260359.704328
689.107849,400,260721.500358
431.855504,364,260837.924173
434.044898,430,260977.468838
425.287364,184,261037.335351
424.192677,464,261184.97592
423.097983,241,261262.487919
1290.09308,921,261793.920659
431.308172,297,261890.977886
430.760819,293,261984.511959
440.065695,608,262179.622042
426.38206,309,262513.975883
430.760828,366,262633.705571
2691.297238,3709,264307.41009
429.666136,463,264455.633046
431.308165,371,264573.290251
2281.882881,4500,266499.30103
432.402853,238,266576.687202
2280.788275,4500,268501.171106
438.971013,483,268889.284224
439.518344,361,269005.480387
431.308169,251,269088.16046
434.044887,282,269178.737854
429.666123,249,269257.992608
431.308165,241,269335.405535
428.024096,239,269646.018541
436.781622,268,269732.54146
425.834719,347,269844.855443
437.328973,389,269970.378587
427.476739,198,270034.146176
1218.390818,755,270280.824801
436.234276,228,270588.414037
2582.922858,1520,271080.392113
1244.663405,730,271551.205638
432.950208,271,271639.842465
423.645332,344,271751.652915
423.09798,240,271829.320102
428.024096,371,271949.705739
427.476748,287,272041.359188
426.929399,260,272360.11788
429.666119,239,272438.188866
434.592237,339,272547.694575
423.645329,235,272622.372732
432.402857,316,272724.671136
425.287365,230,272798.98844
435.686927,260,272881.574276
1290.093082,1695,273661.435388
412.698424,262,273746.665329
429.666137,314,273847.80338
431.308163,206,274146.325637
431.855508,347,274258.897282
434.044895,308,274358.556092
428.024091,253,274440.372175
428.571436,231,274516.105264
433.497553,281,274605.931247
427.476748,383,274729.838283
427.476747,291,275060.512633
2971.538156,4500,276995.368316
432.402851,207,277063.365788
425.834712,374,277184.273717
439.518339,340,277294.723051
436.234274,272,277384.10634
1290.093062,1167,277993.590831
427.476752,333,278101.503111
439.518343,311,278200.94773
430.213472,232,278274.881455
426.929399,301,278365.732925
429.666129,312,278660.875097
424.192682,464,278774.270724
1622.879061,1133,279050.571027
426.929406,250,279321.253431
433.497547,309,279397.055391
437.328959,455,279507.494053
430.213472,223,279561.78531
432.950204,306,279636.662681
434.044888,323,279717.465274
689.655185,490,280049.712322
405.582932,292,280119.635997
432.950203,353,280205.76132
439.518351,424,280309.288257
2595.511796,2781,281200.834954
439.518341,249,281471.717061
426.929406,275,281538.895994
434.044888,260,281601.565345
1290.093072,1171,281886.850442
431.855504,308,282174.905969
438.971,293,282247.323966
424.740017,250,282308.605049
426.382061,317,282385.822763
432.950196,314,282462.173215
432.950194,292,282534.698474
433.497553,352,282620.705394
430.760825,247,282889.856684
2166.393083,4500,284382.579112
431.855509,222,284436.607333
434.592244,473,284552.800803
433.497549,297,284626.150804
2691.297228,2188,285376.285424
587.301601,327,285456.874067
424.192672,284,285740.087862
428.024087,208,285791.282182
427.476746,199,285839.928142
432.950192,211,285891.059325
429.118791,267,285956.908897
434.044894,380,286049.333365
425.287366,192,286095.922109
432.950202,248,286157.543411
433.497542,261,286430.126223
427.476746,439,286538.416869
427.476745,250,286599.122994
554.46089,523,286725.658223
431.85551,301,286799.458793
551.724149,374,286890.325836
427.476753,251,287160.887811
589.490987,497,287283.34426
429.666122,206,287333.576005
429.666129,244,287391.409681
436.234281,348,287475.413703
432.950199,411,287576.335486
427.476745,307,287858.636656
430.21348,524,287988.13733
2691.297258,3278,289000.931126
432.950195,182,289253.730438
438.971001,369,289344.29493
437.876312,272,289410.981791
426.382064,405,289509.50238
428.571438,339,289594.572989
436.234278,330,289675.208491
423.097981,214,289727.813484
422.550639,188,289989.052963
418.719222,265,290054.962618
429.666137,280,290123.241682
2691.297296,4036,291532.868169
2691.297235,3258,292542.203271
433.49756,451,292864.763993
430.760817,251,292925.657101
438.423651,258,292988.890751
1228.790389,976,293226.112141
531.472371,361,293517.035536
424.192682,421,293620.668426
424.192674,390,293716.662853
429.666135,310,293792.935283
428.571433,227,293848.060733
415.435146,464,293963.869684
437.328965,468,294288.265651
427.476745,271,294353.97731
430.760818,218,294407.550375
433.497541,311,294482.567566
432.402852,234,294538.851756
436.234265,286,294609.008037
420.361261,268,294675.164869
2691.297292,4500,296419.032294
427.476743,220,296473.024263
429.666131,373,296565.29134
522.714841,291,296637.291024
438.971013,440,296745.445765
430.760819,218,296798.1567
428.57143,241,296857.009707
432.40285,225,297120.53854
564.860451,644,297277.819724
424.740015,201,297327.711251
438.970999,363,297417.710342
429.666134,341,297501.486861
436.234265,368,297801.49376
437.876305,263,297866.510445
2318.00773,4500,299388.401107
432.40286,237,299447.457806
435.139588,452,299558.76852
427.476736,201,299607.39289
419.813909,386,299701.903679
424.192676,245,299971.469157
437.876312,356,300059.170411
435.139578,220,300113.692765
428.024096,253,300175.784369
689.655189,490,300296.614961
2271.483397,4500,301823.319999
269.841271,203,302082.096442
2571.42863,1788,302522.599099
426.929403,711,302905.471251
433.497539,203,302955.358997
402.298862,222,303010.313488
432.402851,269,303076.758566
424.740024,238,303135.055867
2564.313153,3418,304391.61133
424.740016,272,304457.987552
2689.65526,4500,305977.595054
426.382055,195,306025.602443
436.781619,262,306090.054894
292.829785,582,306439.926324
411.603729,319,306519.463396
426.929408,383,306613.431503
429.666133,310,306690.473486
322.933773,393,306787.062613
428.024087,188,306832.430285
431.308161,207,307092.465362
425.834709,216,307145.833907
436.781623,280,307214.628686
429.666131,271,307281.702388
436.234273,315,307358.891498
435.139579,214,307411.554788
426.929402,258,307474.803314
428.571442,327,307764.920253
431.30817,226,307820.977049
423.097988,391,307917.104805
430.760817,210,307968.440763
430.76082,497,308090.425529
432.40285,256,308155.707651
424.740017,204,308206.061016
429.666118,240,308476.024823
428.571434,248,308536.21497
429.118785,221,308591.055093
430.21348,482,308709.376854
439.518348,383,308802.423932
437.32896,398,308900.0544
438.970995,283,308968.843643
425.28737,572,309322.806774
431.855513,365,309412.648835
429.666127,264,309476.585072
436.234275,381,309568.631681
552.818843,320,309647.434496
431.855507,231,309915.135669
521.072809,283,309983.260642
429.118781,201,310030.614279
429.118787,271,310096.990964
426.382055,249,310158.112155
424.740021,278,310225.218938
425.834716,496,310346.877827
431.855518,228,310612.465319
429.66614,369,310703.200091
431.855509,300,310776.985234
431.308158,193,310824.694575
407.772313,394,310923.092028
431.855507,318,311000.644208
435.686921,228,311055.684967
438.423653,254,311326.797339
434.044892,251,311388.552379
434.044899,312,311464.882389
435.139583,397,311561.962653
433.497549,289,311632.727577
430.760822,383,311726.430452
428.571438,236,311784.360642
534.756441,383,312088.406672
437.87631,538,312221.072928
430.213472,302,312296.639057
424.740028,373,312389.186107
429.118788,304,312462.446627
431.308166,253,312522.459583
434.044893,330,312815.541863
434.044887,221,312870.146688
704.433518,489,312986.342568
439.51835,366,313073.087444
428.571437,241,313131.340451
432.402859,401,313230.029069
434.044894,317,313516.762432
427.47674,335,313598.203387
431.308163,383,313690.689128
433.497545,240,313748.553412
434.592241,285,313818.587218
430.213474,465,313933.737226
430.213475,236,314200.357661
438.971008,279,314266.930379
429.666122,251,314327.968876
426.382049,401,314426.362501
435.139585,239,314484.775041
429.666127,216,314538.296721
425.834728,588,314891.976866
430.213472,299,314965.90637
438.970999,419,315068.433329
428.571437,255,315130.691965
431.308166,317,315208.132361
436.234276,344,315293.056448
1290.093081,1226,315800.830493
2230.43248,4500,317319.822379
432.950201,276,317388.298581
433.497545,259,317452.575224
429.666126,278,317728.211466
438.971001,358,317816.499977
431.855517,368,317906.807674
435.139584,373,317997.828313
434.592243,344,318083.793179
436.234272,267,318149.221344
423.64533,248,318210.115393
438.971005,304,318496.452254
425.834712,331,318577.644993
430.213476,260,318640.95902
438.971003,476,318757.816665
401.751514,345,318841.114069
1290.093086,1249,319356.018123
425.834718,292,319428.346466
493.705537,375,319520.648971
553.366191,363,319609.665726
431.855506,262,319881.686872
420.9086,252,319943.107394
1290.093085,1351,320270.714912
432.402858,456,320591.62698
432.950204,262,320656.641711
435.139578,308,320731.639825
437.876301,222,320786.206792
431.855512,255,320848.945407
429.666136,366,320939.041373
423.645328,390,321033.979914
430.213475,298,321319.516726
434.592233,435,321425.692965
425.287373,386,321520.659441
433.497547,246,321579.309036
434.592232,255,321640.2394
426.382056,275,321707.275975
313.081562,264,321980.942529
429.666134,250,322042.230929
431.308163,226,322096.98602
431.308171,319,322174.837474
428.024094,234,322231.801888
428.024096,270,322297.829919
425.287365,213,322350.360373
424.192673,424,322455.229914
431.855506,251,322726.650288
438.970992,255,322789.800828
438.423656,240,322848.973769
431.855509,244,322908.369852
422.55064,362,322997.309845
430.760819,484,323115.770767
432.402853,237,323173.336158
2689.655259,4090,324587.870821
426.929405,345,324883.252492
432.950207,457,324995.294005
431.855515,309,325071.216897
429.666129,241,325128.700773
431.855508,395,325228.727645
436.23427,221,325283.811673
593.869746,381,325592.043489
425.834713,337,325674.62785
430.213476,235,325733.022197
403.393556,390,325829.340054
412.151084,295,325900.525321
434.592235,243,325959.85694
437.328962,258,326023.692436
429.666132,341,326317.097742
434.592235,317,326394.422726
432.402854,303,326470.106944
429.11878,246,326531.030284
431.308162,230,326587.402507
432.402853,280,326655.604314
2691.297249,3161,327846.838331
430.213463,239,327905.053005
420.361257,310,327981.626379
424.192672,359,328068.706669
438.423647,345,328154.248124
430.760823,260,328426.645293
421.455949,252,328488.752107
426.929407,272,328555.778783
438.423655,280,328625.384257
426.9294,343,328710.329599
435.686915,404,328831.16388
429.118781,256,328914.529071
432.950203,348,329264.887718
438.423665,673,329483.624346
436.234269,271,329571.058468
430.213472,233,329647.353274
593.869741,372,329767.128752
425.834712,305,330100.464641
554.460887,379,330222.948802
428.571435,324,330327.448476
522.1675,314,330428.486802
2151.067404,4500,332349.36208
429.118782,281,332440.213696
430.760825,330,332782.908794
432.950204,316,332886.172501
1290.093082,1493,333370.206961
580.733455,304,333703.110702
439.518348,355,333817.186048
435.686923,215,333886.015705
434.592237,240,333962.763488
407.77232,315,334064.097373
437.876307,412,334197.266222
439.518345,259,334281.454358
436.781618,217,334583.989126
438.971012,506,334747.069477
425.834709,219,334818.413626
432.950198,199,334883.107176
431.855509,338,334992.08398
430.760815,205,335058.625199
430.21347,294,335153.546002
1565.955138,954,335781.598691
438.970995,315,335881.443729
435.686938,385,336005.550368
550.629454,304,336103.742994
2245.758166,4500,338245.100703
430.760824,281,338336.07101
426.929398,332,338442.702331
433.497542,253,338524.552084
438.423649,248,338603.913146
593.869751,984,339150.002643
426.929402,272,339237.13377
547.345391,355,339350.216516
429.666134,267,339435.580305
324.028473,308,339533.376229
431.855512,212,339601.329652
433.497542,244,339679.74402
2685.276448,2851,341069.696304
436.781618,386,341192.089754
403.393562,358,341308.467606
426.382057,249,341387.807421
437.876311,382,341511.396544
429.666133,229,341818.056345
429.118784,293,341912.310956
1290.093076,1522,342397.14481
434.59224,305,342728.32674
430.760818,276,342817.272416
439.518359,531,342986.361722
428.024101,369,343105.531395
427.476743,208,343171.977603
428.024093,272,343259.306267
436.781617,555,343668.466077
436.234277,379,343790.179062
433.497547,286,343881.61797
427.47675,231,343955.614944
435.139586,298,344050.941511
429.66613,218,344120.365641
431.308153,198,344183.840885
426.929404,350,344528.195955
437.328963,337,344635.790152
408.867002,245,344714.027258
433.497553,504,344873.729169
2165.298343,4500,346779.477319

1515.854785,433,318586.006607
1929.457695,936,318814.576172
2473.345604,260,318877.754403
1577.895206,347,319170.944536
1929.457715,791,319365.357775
1153.952181,226,319421.605916
1929.457725,678,319588.073609
1929.457731,721,319971.897455
1129.135996,212,320024.259362
1929.457713,792,320215.82157
1929.457739,689,320592.954341
2458.869478,331,320675.015233
2690.487116,537,320806.616869
2473.34558,378,320898.63221
940.946671,151,320936.635819
2473.345614,186,320981.614208
1195.312475,164,321021.660421
2469.20953,296,321306.473101
2465.073542,353,321393.137532
1197.380524,100,321417.483014
2750.459563,312,321493.937558
2742.18749,439,321598.414654
1000.919099,138,321632.617822
1929.45772,789,322034.308764
2479.549607,272,322100.482113
1929.457662,1113,322372.494573
2479.549647,198,322422.041026
2467.141558,353,322718.359927
2473.345603,540,322851.68673
1910.84561,213,322903.834086
1267.69301,113,322931.319675
1929.457726,705,323104.3551
1927.389643,1808,323753.740777
2756.663572,469,323868.292794
1147.748132,140,324110.603553
2473.345584,338,324193.029918
1147.748131,143,324228.123626
1929.45769,758,324412.578686
2427.849254,454,324522.743592
2721.507338,315,324600.350536
1929.457688,800,325007.343853
1904.641529,295,325079.823956
1011.259181,101,325104.334779
2467.141537,229,325158.859619
1005.055135,108,325187.837602
1929.457675,739,325585.33272
2764.935638,490,325705.836185
2694.623151,560,325844.366195
1174.632334,118,325872.869554
1929.457704,713,326256.944543
2473.345566,316,326334.693843
2733.915424,285,326404.199139
1929.457731,1076,326669.710182
2738.051477,550,327013.879129
2467.141542,398,327112.366362
1929.457673,776,327301.7724
2756.663589,305,327375.833473
953.35476,131,327407.894062
1929.457727,815,327814.868544
1912.913619,680,327981.983066
2748.391549,371,328071.924325
2762.867583,526,328410.557356
1929.45772,747,328594.923034
2651.194832,617,328748.81109
2748.391532,285,328841.477737
1122.931962,179,328899.983299
1929.457695,1197,329526.290336
1914.981637,260,329610.219707
1929.457696,754,330088.70111
2479.549636,358,330204.801761
1927.389709,723,330437.684583
1929.457716,753,330680.517019
1927.389681,748,331154.370692
1892.233483,208,331221.66616
1929.457709,705,331448.958084
2752.527559,493,331607.483677
1929.457716,784,332098.73667
2473.345575,319,332201.419732
1120.863946,132,332243.474691
1561.35109,433,332382.869901
2469.209562,264,332468.825117
1013.327211,112,332505.219608
1929.457691,800,333000.401811
2771.139688,321,333105.114509
1584.099245,417,333240.076688
2777.343745,255,333322.222968
1923.253704,1122,333918.032385
1929.457732,1108,334275.492044
1929.457713,661,334721.368694
1929.457706,778,334973.360705
938.878646,132,335016.166774
1929.457708,1204,335724.781039
1929.457737,831,335991.358655
2671.874987,386,336116.485653
1273.897049,147,336163.347646
1180.836376,184,336457.977922
2477.481617,302,336554.462207
1929.457721,744,336794.100102
2651.194849,960,337333.961665
2678.079003,904,337622.753993
1929.457679,861,337897.688741
1929.457691,818,338393.14183
1559.283085,224,338464.770207
1002.987134,105,338498.746961
1135.340073,101,338531.677273
1919.117664,704,338757.919441
1929.457711,674,339203.511203
1929.457691,919,339497.009884
1929.457711,673,339712.632351
1929.457712,725,340184.394096
2750.459536,343,340294.123281
1929.457687,734,340531.072641
2467.141539,326,340636.188453
1929.457686,795,341124.462822
2744.255513,386,341248.369036
1925.321668,673,341465.01441
2469.209572,275,341787.298303
1929.457688,1329,342211.917207
1929.457703,678,342661.073554
2483.685671,365,342778.633566
1002.987118,126,342819.241417
1927.389702,703,343044.124288
1929.457676,832,343542.417658
1929.457708,844,343812.464228
1929.457719,704,344038.257514
2460.937529,265,344122.738294
1929.457684,877,344635.503227
2479.549641,296,344729.973718
1120.863956,265,344814.283739
1929.457734,622,345012.592349
2471.277563,255,345324.503433
2477.48163,247,345403.671927
1929.457717,608,345596.916504
1929.457716,1213,346218.57262
2748.391545,294,346311.831961
1917.049619,749,346554.064526
1929.45775,711,346782.869501
893.15217,117,325061.832587
978.260874,477,325179.482755
948.913041,319,325259.283694
944.021742,308,325548.827109
1022.282612,289,325621.004977
1022.28261,285,325691.058933
897.065218,310,325767.286159
702.391304,261,325832.079921
1022.282606,279,325899.279877
872.60869,255,325961.605981
704.347823,487,326291.038868
1022.282606,828,326496.03406
1022.282614,371,326586.960268
1022.282612,317,326664.271009
1022.282611,258,326727.893672
1021.304347,341,327020.679406
1022.282602,472,327137.088426
722.934785,381,327230.249267
871.630433,379,327322.817035
900.97826,264,327386.72805
700.434781,254,327449.191339
883.369563,187,327701.549447
721.956522,460,327814.786867
1022.282611,524,327943.138172
1022.282603,321,328022.786781
905.869563,234,328078.775749
897.065219,342,328163.381713
1022.282603,528,328501.951708
897.065219,175,328544.899889
901.956531,312,328622.909405
714.130442,280,328692.270238
712.173915,304,328774.47457
849.130428,437,328916.846555
1019.347821,689,329378.576756
2433.913058,3254,330664.4146
848.152178,440,331039.434015
1022.282615,628,331241.658563
700.434782,458,331389.13414
875.543476,220,331460.081862
698.478262,244,331538.327826
2267.608699,4500,333702.140084
1763.804379,2646,334787.787194
1763.804354,2567,335935.591698
792.39131,346,336046.677174
699.45652,296,336142.636183
1763.80435,1014,336703.793608
690.652172,373,336823.356949
989.999995,478,336976.159123
1022.282607,354,337322.706499
879.45652,302,337418.952466
1020.326083,396,337545.800722
1019.347829,597,337736.449358
1013.478266,264,337820.702641
840.326081,338,337928.581831
1002.71739,261,338244.163411
897.065218,231,338319.030948
907.82609,246,338398.275644
1022.282602,298,338493.739526
705.326087,350,338606.570888
839.347822,154,338655.69095
694.565216,316,338757.878629
1022.282608,621,339186.300237
964.565222,443,339328.954067
1522.173912,613,339523.579484
1021.304336,227,339596.044091
873.586957,283,339687.248871
813.913046,253,340007.853863
881.413047,354,340121.536214
857.934783,293,340215.428039
700.43478,449,340359.476126
943.043478,331,340465.483792
1022.282607,278,340555.752247
668.152171,69,340577.916109
854.021745,359,340927.382756
1012.500009,336,341036.085224
1016.413034,203,341100.40175
888.260869,428,341237.157333
1523.152172,764,341483.505156
1022.282603,314,341817.764609
693.586953,266,341903.079545
696.521739,246,341981.241141
699.456524,173,342037.050859
2274.456528,4500,343942.051932
1022.282611,152,343990.877881
1022.282606,366,344107.237539
982.173916,321,344442.334345
1022.282608,317,344543.703747
1022.282608,457,344690.212287
1022.282607,341,344798.324431
1022.282613,470,344948.034606
1763.804346,1938,345799.38971
713.152177,369,345915.929955
792.391299,377,346268.7011
856.95653,347,346380.967498
1022.282604,282,346472.332984
689.673908,352,346585.668773
690.652171,247,346665.665346
1022.282614,337,346773.190364
734453
1350.455511,227,312995.984339
1335.652877,208,313045.772863
916.624517,186,313089.27175
1335.65288,309,313164.58557
847.166016,141,313199.53654
934.843146,192,313455.38505
1335.652869,261,313519.723603
934.84315,167,313560.147675
1335.652862,227,313615.784982
1334.514215,311,313690.499905
1335.652873,218,313743.074313
893.851245,155,313780.875689
1053.2642,269,313847.306174
1334.514213,300,313921.906884
2785.172187,4500,315648.47704
905.237885,168,315690.544421
1332.236886,240,315749.564389
1335.652872,211,315800.929988
1335.652866,188,315847.072725
1335.652876,328,315926.805216
1333.375539,215,315979.169674
1122.722706,176,316021.963004
2745.318914,544,316364.761308
925.733835,126,316394.966576
1335.65288,265,316459.93676
1335.652873,217,316513.514383
1335.652871,238,316572.431682
1334.51421,338,316654.585983
1335.652874,312,316731.064801
1333.375543,4500,318465.093248
1333.375552,447,318574.759442
883.603262,317,318652.172877
1310.602272,729,318829.435594
879.048611,292,318901.129116
1335.652876,346,319194.648114
782.262173,172,319237.079852
2828.441397,1675,319856.775929
914.347197,184,319901.433841
2717.990993,2948,320830.137536
1331.098223,226,320885.22508
1335.65288,339,320968.620174
1300.354293,315,321045.453592
691.169051,99,321282.431784
1335.65288,344,321366.568195
2922.95053,2914,322284.164477
1335.652863,212,322336.619804
1335.652877,283,322406.86321
1335.652869,242,322466.435712
700.278364,121,322706.002776
1335.652868,211,322758.411032
2793.142807,1583,323146.378508
1335.65288,300,323430.39912
1094.256105,173,323471.18149
1335.652873,262,323532.760388
1335.652874,245,323592.915435
675.227749,88,323614.662055
1335.65288,274,323681.868464
2694.079056,4500,325202.332388
711.665003,97,325226.396309
1335.652873,259,325290.918045
736.715608,185,325549.884222
778.84618,124,325580.895264
1335.652875,430,325686.983808
1197.87453,292,325758.789545
1335.652881,280,325828.420609
1334.51421,213,325879.577314
1335.652879,281,325948.364064
1335.65288,282,326017.992112
775.430188,116,326255.945139
1335.652879,268,326321.811159
1335.652876,313,326398.215891
949.645776,231,326456.121695
663.84111,103,326481.600636
1335.652879,4500,328001.343158
3449.013275,4500,329738.685895
1335.652871,210,329806.450936
1335.652874,295,330136.689834
1335.652874,315,330238.834477
2195.344193,401,330368.035628
781.123502,124,330407.548135
1335.652867,218,330478.155913
732.160949,116,330515.333094
671.811757,84,330542.11253
655.870462,85,330569.768939
694.585037,137,330613.920467
1335.652873,220,330685.139826
934.843138,104,330719.307173
1335.652874,236,331028.136468
1221.786476,244,331106.380935
1335.652875,304,331204.22236
1335.652877,230,331278.57975
1217.231814,258,331361.636776
1335.65287,276,331450.63705
1335.652877,277,331539.373815
838.056706,202,331604.704602
848.304677,148,331889.866256
1329.959543,187,331950.956233
1329.95955,241,332028.46537
1335.652878,255,332110.958929
1334.51421,291,332204.648721
1335.65288,388,332329.101882
1335.652877,357,332444.31433
1335.652871,217,332515.444457
1335.652871,295,332846.101652
2938.891794,1934,333708.131869
1335.652873,255,333790.368611
1335.652872,345,333900.931364
1335.652868,205,333966.063708
1393.724739,279,334055.720766
1335.652875,245,334134.883688
1335.652858,186,334195.146623
1334.514208,279,334285.783105
934.843145,140,334563.479543
1335.65288,4500,336569.40999
1333.375551,421,336705.151236
1335.652874,293,336799.356062
2763.537551,905,337321.775391
1335.652872,280,337411.103554
764.04354,137,337454.657293
1335.652879,346,337565.788185
1335.65288,274,337652.602947
866.523293,110,337688.219748
842.611362,143,337734.057201
1335.652872,217,337802.963448
3449.013269,4500,339707.798413
835.77938,143,339987.661218
1335.652873,309,340092.332028
1334.514208,291,340185.431152
1335.652874,241,340262.443683
1382.338096,275,340351.38041
1335.65287,296,340446.090632
1335.652876,315,340548.185781
2834.134713,3477,342131.778577
1335.652873,346,342241.186604
1147.773319,231,342315.050866
1335.652876,207,342380.362453
1335.652877,282,342704.174082
1335.652873,244,342782.988419
1335.652879,323,342886.41972
1335.652874,293,342979.322948
1334.514209,304,343077.1945
1146.634651,197,343140.974674
1333.375551,278,343230.125592
1265.055704,279,343550.818727
1335.652873,253,343631.745081
782.262163,81,343657.742512
1334.51421,273,343745.069648
1335.652878,322,343847.801328
928.011169,247,343927.732104
1334.514206,235,344003.105304
779.984838,84,344029.881806
1275.303684,238,344105.393247
1047.570879,152,344154.371121
1331.098221,245,344465.001711
1335.65288,4500,346365.991944
2716.852307,977,346681.753653
727.606293,126,346721.799728
1217.231821,261,346805.062291
64
923.75367,421,331110.770068
572.727284,514,331276.532565
971.261005,199,331340.635167
1043.401769,242,331418.682379
992.375368,378,331539.988588
554.252194,188,331600.774726
950.14663,177,331895.436763
985.337243,483,332052.206133
471.554253,592,332242.181838
589.442818,271,332329.393167
984.457479,323,332433.483501
1266.862162,249,332514.989748
899.120244,265,332835.698676
1052.199419,444,332980.903023
1351.319649,423,333118.231147
933.431086,324,333223.256897
472.434018,208,333290.622451
1265.982414,407,333656.015668
464.516128,368,333775.647972
573.607038,205,333841.323334
480.351906,192,333902.711378
482.991208,151,333950.689267
468.914957,262,334034.6696
993.25514,182,334093.453926
1261.583578,275,334182.539862
974.780064,415,334549.963059
474.193554,419,334684.49726
488.269799,333,334792.577439
479.472141,264,334878.252559
491.788854,197,334941.614735
995.894433,346,335053.935693
962.463347,298,335149.959609
479.472148,271,335557.432
800.586518,242,335635.435491
480.351911,217,335705.472531
919.354842,532,335875.779979
950.146629,413,336008.723081
969.50147,388,336134.212809
1471.847508,4500,338274.949825
1256.304997,359,338391.527624
1002.93256,348,338503.460403
465.395894,214,338571.623461
1156.891498,226,338644.738781
468.914958,253,338726.821858
1012.609974,376,338845.1239
917.595305,453,339222.219316
1008.211143,350,339334.206167
929.032254,541,339506.463673
936.070388,159,339556.228289
611.436951,323,339660.036093
482.991206,186,339720.295031
478.592374,199,340023.552722
928.152499,240,340100.825675
956.30499,381,340223.038228
1480.64516,4500,342135.509376
512.903234,457,342280.295274
924.633436,267,342365.166694
936.070388,225,342670.27324
1580.938415,1146,343038.209911
485.630501,186,343097.870622
451.319648,446,343240.860905
473.313783,121,343279.803457
474.19355,186,343570.535497
702.932544,459,343717.795848
431.08505,410,343848.436993
1426.099712,501,344009.792375
513.782995,186,344068.830295
951.906169,185,344127.879282
1272.140768,334,344467.228622
939.589444,181,344525.065506
483.870967,186,344584.210087
3959.824016,2449,345595.70697
1287.096768,505,345758.781943
948.387098,174,345814.872612
983.577716,287,345905.554747
1173.607038,364,346253.768691
1595.014664,812,346516.00897
826.099717,203,346581.596421
1085.630498,408,346713.082273
1480.64516,413,346845.325057
592
804.947128,340,314337.316997
789.652565,345,314421.890514
804.947126,287,314491.993917
866.691835,299,314565.985455
804.947126,441,314883.842021
804.947125,334,314966.091195
804.947129,423,315069.63702
804.947129,243,315128.896904
804.947133,499,315251.142521
877.454679,280,315320.576724
789.086102,427,315631.467707
794.184289,343,315716.277136
877.454683,395,315812.960196
649.735649,476,315929.20282
877.454681,400,316026.252121
790.219034,349,316321.703144
877.45468,447,316430.197435
793.051359,300,316504.171577
862.72658,363,316593.846583
786.253774,349,316678.798915
804.947131,401,316776.591771
789.652563,256,317046.677174
877.454682,455,317158.399688
666.163136,476,317276.17704
785.687307,295,317348.875969
935.234136,310,317425.855708
804.947123,409,317733.422702
864.425977,328,317814.800845
759.629906,476,317931.184376
861.593652,259,317994.503149
949.962234,367,318086.194618
877.45468,467,318200.795358
792.484892,306,318487.522945
877.454677,305,318562.684693
779.456191,476,318678.839979
786.253773,402,318776.84609
804.947125,246,318836.369401
804.94713,288,318906.806755
804.947127,294,319187.535765
934.66767,570,319327.610401
939.765859,351,319414.302597
789.65257,361,319503.483818
943.164649,346,319587.925527
9949.222646,229,319852.227084
787.386705,270,319918.061054
877.454681,467,320032.254229
804.947125,404,320129.981552
789.652562,298,320201.817879
804.947126,333,320282.680943
949.96223,330,320572.325616
804.947126,347,320658.249162
793.617822,357,320745.107436
877.454679,401,320843.912812
877.45468,453,320954.979177
790.219031,346,321039.376703
804.947127,287,321322.331424
804.947128,457,321433.923354
949.962232,371,321525.230186
866.125372,284,321592.353102
790.219031,418,321693.756651
877.454678,272,321760.856445
789.652566,308,322044.863718
804.947128,449,322153.806664
866.691839,492,322273.742399
877.454678,355,322361.224581
877.45468,294,322434.460358
804.947125,226,322699.511535
662.197882,476,322816.94184
877.454679,412,322918.027774
804.947131,476,323034.742348
712.046824,476,323151.018546
934.667668,381,323454.969363
804.94713,489,323570.495638
866.691842,369,323661.674448
794.750757,282,323730.552598
877.454681,498,323852.080135
804.947126,271,324126.746026
791.918424,383,324220.128176
877.454679,390,324314.190702
804.947127,398,324411.921685
793.051357,369,324501.802929
864.425981,299,324574.418025
792.484891,373,324877.165769
715.445616,476,324993.691198
804.94713,370,325084.574996
877.454683,357,325171.009518
862.160115,356,325261.789966
804.947127,316,325553.280545
804.947124,421,325657.008643
937.499998,392,325754.142598
804.947128,422,325857.664824
867.824773,441,325965.328836
949.962232,426,326279.759427
662.197881,476,326396.338722
1036.06495,428,326503.266557
804.947134,357,326590.825076
672.394257,476,326707.314315
804.947126,317,326994.248409
804.947124,344,327078.670203
804.947125,255,327141.916602
804.947127,263,327207.170171
804.947133,309,327281.531328
877.45468,420,327383.744969
790.219031,349,327675.935944
863.293048,285,327745.926684
949.96223,451,327856.555012
657.099694,476,327973.961747
792.484891,297,328046.286665
877.454678,252,328107.8571
804.947129,391,328413.212013
949.962235,550,328548.538515
949.962233,352,328635.934764
788.519636,341,328719.999029
866.125376,266,328799.680435
804.947129,318,328903.107378
877.454679,290,329234.753943
804.947127,450,329381.314198
787.386711,476,329535.331844
804.947129,288,329628.880181
804.947125,325,329733.865342
804.947125,254,329815.740071
790.785495,346,330162.545648
791.351959,304,330261.052296
804.947127,278,330350.189534
804.947127,367,330468.670151
794.184284,225,330540.649923
877.454679,270,330628.090436
865.55891,287,330721.439473
877.454679,537,331126.825055
877.454677,387,331251.480143
935.234138,565,331433.719912
804.947129,332,331540.224668
785.687308,417,331912.431799
804.947127,224,331985.131155
804.94713,405,332115.808164
804.947124,252,332197.119906
937.499998,323,332300.791837
793.61783,367,332418.986048
877.45468,349,332767.871228
804.947128,364,332886.423563
804.947128,223,332958.618203
866.125375,362,333076.896988
804.947125,453,333223.493145
804.947127,435,333364.253484
635.574015,476,333752.924147
804.947122,526,333920.795532
936.933532,375,334040.968152
877.45468,382,334164.260368
804.947128,338,334274.084421
877.454678,306,334605.579379
949.962231,354,334719.641956
866.125375,545,334896.377218
877.454678,376,335018.023645
540.974319,476,335171.882029
804.94713,238,335568.771324
949.962233,485,335725.067609
1235.46072,494,335883.033649
804.947124,233,335957.79764
804.947129,399,336086.591669
804.947131,476,336475.326404
804.947128,383,336598.690575
804.947129,449,336742.761001
863.859512,363,336859.222008
804.947127,382,336981.317917
877.454681,518,337379.322184
804.947127,450,337524.402855
863.293052,347,337634.512755
804.947123,272,337722.002533
865.558908,250,337801.132382
290.596672,476,337953.748536
877.454678,422,338321.624497
1036.064951,483,338476.377342
877.454679,394,338603.546198
804.947128,379,338726.074344
804.947126,431,339093.964354
792.484891,363,339210.109298
789.0861,235,339285.804163
804.947126,346,339395.876848
936.36707,440,339535.532385
877.45468,539,339708.604479
866.125376,361,340063.933517
1235.460725,564,340244.595282
663.897278,476,340397.874905
804.947123,441,340539.893962
667.862537,476,340927.010419
862.726582,274,341015.407598
820.24169,527,341182.876273
949.96223,293,341277.784719
804.947126,228,341351.943833
804.94713,249,341431.068339
949.962234,310,341531.53368
861.027187,282,341855.026244
791.351961,512,342019.07368
790.785498,224,342090.788102
790.219036,243,342167.765091
877.454683,271,342253.983761
804.947127,380,342374.817844
710.913895,476,342761.030921
790.219029,471,342911.747742
804.947123,292,343005.481737
804.947126,288,343098.092605
804.94713,490,343255.033811
804.947126,262,343570.432159
877.454679,416,343703.976138
877.454679,448,343846.670301
804.947126,300,343943.674423
794.184287,439,344083.869825
863.293046,487,344471.867791
877.454683,262,344555.46663
804.94713,383,344678.314206
804.947127,362,344793.288085
677.492444,476,344944.711369
864.425976,244,345022.603275
791.351964,423,345388.429577
866.691836,299,345483.890051
877.454679,340,345591.92397
790.785493,401,345720.795747
649.735648,476,345873.826234
786.82024,269,345959.006571
877.45468,394,346317.703775
877.45468,375,346439.081059
804.947127,283,346530.065652
804.947125,360,346646.932617
863.859514,273,346734.352431
8561.743375
718.269224,89,328583.867562
678.461527,108,328611.06017
739.903832,79,328630.343185
337.500009,539,328769.894985
748.557686,138,328815.124524
777.980766,250,328896.439955
265.673084,309,329234.081877
681.057692,143,329280.672229
542.596164,697,329507.086303
705.288455,214,329575.869016
712.211553,162,329628.910839
434.423084,262,329713.464155
726.057679,256,329796.059926
372.980775,392,330157.428523
685.384621,227,330231.050338
501.0577,408,330362.754869
749.423071,85,330389.914157
690.57691,156,330440.204882
542.596163,724,330673.598006
394.615394,381,331029.951749
549.519231,236,331105.605693
346.15385,117,331142.977996
783.173072,442,331285.945727
1146.634637,1002,331608.388855
578.942309,560,332027.062742
739.903847,738,332264.540413
689.711531,164,332317.349872
639.519234,198,332381.183257
683.653843,105,332415.16982
718.269217,61,332434.695267
1236.634615,320,332774.2772
461.250013,884,333061.813792
655.096151,360,333179.10389
473.365392,590,333369.572719
423.173081,107,333404.148391
681.923082,666,333853.056011
329.711547,312,333952.830461
793.557681,246,334031.804938
624.807692,178,334089.074025
527.019242,294,334184.422869
694.038452,215,334253.887926
717.403832,248,334566.816278
676.730756,103,334600.211049
692.307679,528,334770.60295
595.384619,370,334890.737604
447.403855,530,335062.174762
578.076929,193,335124.06433
481.153852,121,335163.533651
723.461546,1120,335844.112114
719.999987,374,335963.674967
462.115404,802,336457.927717
432.692317,304,336554.919715
315.865392,161,336607.475717
398.942315,113,336644.081249
777.115366,66,336664.635287
408.461547,263,336749.24487
743.365373,198,336813.103439
363.461541,167,336866.510373
391.153856,449,337010.209826
679.326906,99,337042.166565
572.01924,357,337388.113875
443.942312,72,337411.662209
694.038453,105,337444.926485
721.730755,89,337473.726039
752.884599,202,337538.571198
691.44231,998,337856.39045
769.326906,255,337938.852314
752.019218,136,338214.204011
694.903845,451,338359.090545
777.980754,85,338386.803859
662.88461,145,338433.538761
405.865396,506,338595.949447
466.442316,595,338786.397932
635.1923,84,338813.393538
644.711535,290,339137.705225
591.057686,427,339274.287223
649.038455,127,339315.40942
579.807698,188,339374.42508
794.423055,69,339396.909612
752.019219,250,339476.191521
416.250005,262,339559.046567
1146.634622,375,339680.053776
689.711539,137,339723.971937
713.942299,220,340034.292891
728.653849,1007,340357.145012
668.942305,342,340466.835474
392.884621,153,340516.763145
636.923073,629,340952.88541
713.076914,237,341029.84603
344.423086,490,341185.14575
758.942295,217,341255.402923
351.346162,208,341323.378564
781.4423,1076,341902.114891
545.192308,100,341934.396496
521.826931,592,342123.583028
360.865395,328,342227.463055
372.115392,150,342275.036413
710.480757,80,342300.980846
443.076932,132,342342.682507
273.461544,322,342678.859358
533.942311,539,342852.198251
644.711548,879,343133.753857
624.807685,64,343154.308111
745.961546,265,343239.188341
511.442318,393,343596.024186
334.038461,243,343674.252366
347.884627,499,343833.383831
674.134611,379,343955.599254
693.173069,858,344462.373448
780.576906,122,344501.422216
394.615399,579,344686.578496
566.826927,133,344728.626718
614.423085,421,344861.928017
588.461535,253,344943.177561
408.461555,481,345327.374949
562.500007,664,345539.324357
679.326918,555,345716.999078
745.096144,87,345745.490244
786.634612,443,345887.133613
665.480765,220,345956.785668
623.942299,176,346244.863296
331.442322,797,346502.585091
1124.134614,822,346767.11031
.990304
375.979126,112,326349.378418
383.322466,101,326374.411436
384.791137,103,326399.060232
376.713458,94,326422.900386
713.772867,320,326502.590421
723.319214,174,326545.240054
481.723253,97,326569.224593
373.041785,75,326587.464496
374.510455,111,326615.100377
1536.227208,369,326704.931954
379.650791,102,326730.131465
373.776123,115,326966.896431
388.462807,88,326988.811864
378.916457,124,327019.456302
367.901448,96,327043.183731
372.307451,119,327072.117497
1418.733705,181,327117.25581
439.866201,73,327135.296366
1400.375366,236,327193.685729
718.178878,212,327244.552302
1746.246792,893,327669.62171
381.119464,106,327695.113302
375.244791,131,327727.288095
355.417768,131,327759.538855
1539.164534,268,327825.722234
378.182129,121,327855.223425
386.2598,125,327885.620504
1571.475261,894,328104.796786
363.495444,100,328129.541634
1538.430206,431,328443.800768
372.307454,82,328464.262087
720.38188,219,328518.600587
386.994136,84,328539.214672
1537.695867,273,328607.301303
1940.111033,764,328812.997721
2468.097346,800,329310.114801
373.776123,125,329351.403974
403.883821,104,329384.786102
2451.207639,4500,331305.524474
385.525471,133,331348.323736
2459.285302,4500,333276.719661
373.776117,126,333316.979069
369.370118,190,333378.586873
1203.573788,264,333698.446657
1324.004605,254,333780.610367
717.444537,171,333835.416197
373.776122,96,333865.644009
370.838782,125,333905.972255
389.19714,117,333943.22298
469.239572,109,333978.128229
383.322468,122,334017.4899
381.119461,102,334049.977841
373.776122,92,334079.927843
357.620769,118,334117.841155
378.916462,169,334172.444544
382.588134,149,334220.59275
729.193888,287,334547.121189
723.319215,169,334601.149563
376.71346,115,334638.09524
373.041788,87,334665.764935
2558.420448,1189,335051.242386
475.848576,123,335090.722283
1193.293107,389,335536.757344
1398.172352,305,335634.750053
384.791131,62,335654.525767
386.994138,142,335700.646176
376.71346,151,335748.835486
525.048967,98,335781.251715
1619.941279,245,335858.997501
373.041787,118,335896.633637
1744.778111,295,335991.624757
1748.449781,329,336097.850799
536.063982,71,336121.211708
388.462807,104,336154.497278
379.650795,96,336185.259566
381.8538,127,336461.342147
2552.545758,440,336602.93905
383.322468,131,336645.274888
378.916463,101,336677.190248
2459.285319,4500,338583.619979
354.683433,92,338613.44541
384.791137,117,338650.947768
381.853798,90,338680.329245
351.746096,95,338711.230084
395.806148,79,338736.590585
378.182129,110,338771.078865
382.588134,150,338818.400969
374.510455,138,339093.964018
1716.139089,360,339209.163831
373.776123,151,339257.291413
384.056803,100,339290.060468
372.307453,109,339324.868617
638.870779,167,339377.283885
378.182126,136,339420.835904
373.776123,164,339472.948383
386.259805,89,339501.520614
1536.227216,943,340043.064718
1199.902127,409,340173.858893
2459.285314,4500,342086.943714
379.650797,135,342130.407355
378.182128,129,342170.512932
407.555498,128,342211.565557
1711.733069,430,342348.389742
371.573121,107,342382.155653
1204.308126,517,342781.789021
373.041789,121,342820.791832
386.259804,102,342853.491968
716.710209,406,342982.422806
1188.152774,281,343072.841785
378.916458,92,343102.942935
1733.763109,538,343275.511739
521.377299,142,343552.287293
541.938661,205,343617.539302
376.71346,121,343656.597367
374.510454,111,343692.113627
388.462808,88,343720.599509
530.923645,92,343749.931712
729.928219,208,343816.091774
384.791129,99,343847.653072
405.35249,100,343880.303985
384.0568,102,343913.191124
1190.355772,203,343978.308895
524.314637,113,344014.356208
714.507206,214,344082.601675
313.560716,132,344124.555357
373.776121,101,344157.133794
1423.139719,536,344560.715411
375.244792,98,344591.856739
382.588134,122,344631.072342
1316.661273,1185,345008.675588
2194.190691,1552,345735.446746
1570.740924,901,346255.315609
386.994138,139,346299.976343
1548.710874,282,346391.678111
593.342049,130,346433.586186
1194.761781,222,346505.081491
1418.733724,289,346598.576598
375.979125,117,346636.806176
376.71346,131,346678.762755
1207.979789,367,346795.62204
