# {"t_start": 1544038429.2657065, "env_id": null} 
r,l,t211595.913283,4500,1748.9861712844.230947,4500,3273.478661711887.975181,4500,4807.2661.1312818.061881,4500,6330.661.31502987.954614,4500,785661.3955311241.565236,4500,95661.603.5343361.71861,4500,11661.3617.2381195.181801,4500,661.39496.888634,4500,14141.634651
560.04970.674484,4500,15537.45592.211531.378229,4500,17150.595.1932341.935414,4500,18592564.212889,4500,20449.269215
604.130776,4500,22353.46082
611.876076,4875.073333,4500,24612.471875,4885.043999,4500,26604.726589,4831.671537,4500,28596.385539,4843.988263,4500,30574.937132,41421.114327,4500,3644.048711,45838.123165,4500,3547.530772,451409.384114,4500,616.642365,4501832.257981,4500553.488644,4500813.48976,4500,568.383392,4501447.507276,4500639.282411,45001425.806393,450458.162298,4500,1480.351843,45608.897105,4500,41835.190549,4618.429744,4500,491350.146583,596.981311,4500,51849.266867,4609.492878,4500,53880.938441,4496.888631,4500,551493.841587,525.486525,4500,57113.904412
603.534974,4500,590885.043952,608.301299,4500,609844.574838,522.507575,4500,628853.958954,594.002319,4500,649995.894435570.170749,4500,6691895.601143623.791821,4500,68661282.69791620.812913,4500,70404.97305
580.299186,4500,72173.1554.252520.124422,4500,74159.51524.92551.105509,4500,75840.601307.9562.425512,4500,77476.4581411.629.153966,4500,78963.02031466616.642395,4500,80429.77843174574.341297,4500,82106.328498
579.703408,4500,83576.416244625.579203,4500,85021.17235860558.254965,4500,86465.376512
571.958124,4500,87908.4697826.459.35385,4500,89952.82679242561.233908,4500,91947.91383278582.086538,4500,93935.08836386614.259216,4500,96004.89638917595.193949,4500,98108.5483014423.606492,4500,100409.46406795558.850749,4500,102465.6245
634.516067,4500,104542.200275
553.488672,4500,106615.271928
524.890749,4500,108646.275722
576.72447,4500,110921.212057
574.937114,4500,112992.490191
649.410798,4500,115082.346561
577.320231,4500,117173.733287
576.724451,4500,119275.61136
570.170762,4500,121631.161658
622.00445,4500,123704.788561
597.577104,4500,125788.188092
548.72233,4500,127792.236292
597.577106,4500,129781.231303
545.147585,4500,132022.743553
479.014939,4500,134079.759594
515.9539,4500,136100.819271
633.324487,4500,138172.639691
343.770684,4500,140277.074329
567.787586,4500,142370.727772
540.977087,4500,144713.830414
626.175036,4500,146817.478127
560.042338,4500,148828.605888
545.74334,4500,150876.652321
619.025544,4500,152964.565509
610.684467,4500,155277.149972
541.572852,4500,157392.96961
558.254966,4500,159532.643501
618.429738,4500,161263.433426
548.126551,4500,162722.874204
566.00025,4500,164371.454514
599.960232,4500,165803.476128
537.402335,4500,167249.653567
425.393864,4500,168707.503213
566.000232,4500,170152.5817
554.680222,4500,171811.160733
372.964362,4500,173269.427725
582.682363,4500,174735.020052
451.012829,4500,176174.799417
574.937055,4500,177634.11131
616.046599,4500,179315.701952
580.894963,4500,180764.077192
605.322387,4500,182207.028215
598.172904,4500,183645.589457
594.598144,4500,185091.110534
653.581326,4500,186986.384201
608.8971,4500,188719.076061
618.42973,4500,190155.120107
577.916007,4500,191607.811258
630.345511,4500,193100.9225
601.747638,4500,194969.29948
583.278141,4500,196409.610212
561.8297,4500,197853.970007
614.855013,4500,199305.070644
567.787635,4500,200740.03133
515.953928,4500,202406.522336
642.857122,4500,203865.108577
579.703425,4500,205309.888719
598.768684,4500,206761.283907
623.791815,4500,208210.211607
614.259239,4500,209896.541013
550.509699,4500,211355.509798
619.025535,4500,212812.575924
605.918122,4500,214256.701236
542.168634,4500,215715.978876
624.387642,4500,217397.93135
558.850724,4500,218856.022471
610.08868,4500,220299.048029
485.568613,4500,221760.784514
448.033881,4500,223209.872926
535.019159,4500,224885.317643
504.03813,4500,226331.860882
459.353872,4500,227775.796288
556.4676,4500,229228.158342
608.301291,4500,230680.614437
572.553916,4500,232349.768164
509.995987,4500,233804.155642
592.214998,4500,235257.02767
540.381269,4500,236700.000098
605.322395,4500,238160.72551
532.040254,4500,239816.260862
573.745527,4500,241264.522324
601.151864,4500,242714.402377
487.355993,4500,244154.437113
549.31816,4500,245614.498543
433.139141,4500,247253.375398
568.979226,4500,248693.704736
400.966503,4500,250148.17292
607.705544,4500,251596.888767
642.26133,4500,253050.66734
654.177112,4500,254507.586319
545.1476,4500,256179.295186
327.684372,4500,257620.374955
570.76661,4500,259056.268753
476.036,4500,260462.904273
549.913921,4500,261842.159495
558.254985,4500,263468.689964
598.17289,4500,264866.400367
598.172882,4500,266277.799469
579.10761,4500,267723.27042
518.337071,4500,269171.711713
619.621323,4500,270824.706335
73.282098,4500,272272.327278
555.276049,4500,273703.005773
623.196047,4500,275142.860271
595.193954,4500,276573.719138
580.299155,4500,278213.480132
692.307689,4500,279603.128305
512.974984,4500,280983.785297
608.301357,4500,282361.006364
474.844447,4500,283727.558183
692.307698,4500,285318.952543
483.185463,4500,286695.7745
564.808682,4500,288074.778661
445.054914,4500,289477.44713
598.172867,4500,290849.689868
449.821203,4500,292435.022979
596.981361,4500,293819.428414
395.008615,4500,295237.692528
763.802453,4500,296671.171277
697.074024,4500,298113.062494
480.206526,4500,299754.880313
293.128584,4500,301196.256845
585.065563,4500,302632.592259
511.187623,4500,304072.306542
271.084308,4500,305510.427009
462.332854,4500,307159.100639
595.789757,4500,308603.814847
375.943342,4500,310046.154472
494.505485,4500,311486.723031
546.935022,4500,312918.530088
187.673774,4500,314568.180954
403.945471,4500,316003.941225
258.57274,4500,317438.56064
389.050711,4500,318873.341701
599.364489,4500,320312.322951
340.195985,4500,321957.078256
539.189728,4500,323402.957054
617.238143,4500,324842.004879
236.528523,4500,326277.547777
554.084477,4500,327707.632721
2793.658105,2945,328789.664622
612.471828,4500,330220.102072
389.050706,4500,331653.556914
634.516022,4500,333095.677025
2781.742336,4290,334485.318334
282.40432,4500,336221.230048
200.185322,4500,337663.00267
290.14962,4500,339096.641959
204.355867,4500,340537.43723
736.396127,1105,340998.146721
381.901203,4500,342433.975983
429.564382,4500,343874.321211
256.189621,4500,345315.453563
275.254874,4500,346963.98964
.029335,4500,342544.972758
890.322618,4500,343983.113916
829.325545,4500,345636.287981
1417.595296,4500,347071.59807
16
2634.40432,4500,344454.094048
4634.012403,4500,345889.695134
2225.313423,4500,347329.323932
9.897521,4500,326091.996462
3348.235159,4500,327520.907072
3361.718708,4500,328949.157745
3358.482646,4500,330385.943133
3318.031997,4500,332036.407463
2662.731458,1085,332282.891765
2668.664223,712,332441.89096
3354.707258,4500,334085.623199
3340.145007,4500,335518.84883
3354.707259,4500,337054.750719
3351.471196,4500,338490.224716
3341.763062,4500,339934.131373
3325.043446,4500,341580.271964
3349.853196,4500,343015.624542
3356.86463,4500,344456.205802
3343.920427,4500,345891.599015
3337.987658,4500,347331.236927
50.091886.32712.077324,3129,334778.773606.93938.166031,4500,336303.88193
4632.614119,4500,337747.140543
2720.365739,4633.832981,4500,338415.185857
4876.516783,4500,339857.933947
5402.569591,4500,341294.351878
4648.822274,4500,342940.118534
5258.386839,4500,344379.804616
5487.508925,4500,345817.060814
5286.937894,4500,347256.801844
0,345785.583390.22734.574409,4500,347226.442764
61.374282
03.185635,2490,338268.086809
6000.776911,4500,339710.340609
1782.439719,1244,340203.509375
1782.439748,452,340302.306929
7282.051179,4500,341737.310962
4604.506588,4500,343176.627987
1656.565614,1790,343793.657096
1630.924568,833,343979.595378
5704.739631,3612,345221.320204
7989.898888,2873,346291.385399
629,64,335001.216196
242.174629,64,335015.706514
242.174629,64,335030.09555
242.174629,64,335044.416696
242.174629,64,335059.431522
22232.025392,4500,335853.7302341.433277,4500,336602.139058
1697.693653,4500,338250.976559
242.174629,64,338264.440392
242.174629,64,338277.793561
407.742992131.578961,1755,338565.045801
2039.591173,913,338981.514739
2037.476507,1373,339289.577149
2079.769746,1262,339791.367562
2079.7697455247.395087,4500,341107.949351
5268.907685,4500,342545.068491
5307.899286,4500,343983.257895
5312.605169,4500,345636.382348
5247.731219,4500,347071.753608
24423
1701.726641,4500,346991.645338
6.276363
23047.002698,4500,345016.77205123048.535396,4500,346455.640661
121.005644,685,345351.299923
2054.393794,1299,345851.584702
2516.447392,3679,347105.409383

4587.313396,4500,347017.182578
3.373776
242.174629,64,344488.06265
242.174629,64,344501.6883327.942585,4500,345345.132915
569.066143,131,345588.29991
3382.660478,4500,347022.653546
567.971785,133,347052.032686
562.499995,176,347090.9883

242.174629,64,346009.507463
242.174629,64,346024.262804
243.410214,62,346251.864986
242.174629,64,346266.635799
242.174629,64,346281.306893
242.174629,64,346296.025165
242.174629,64,346310.76715
242.174629,64,346325.424788
396.622734,79,346343.343722
242.174629,64,346357.28731
242.174629,64,346371.746466
242.174629,64,346386.378441
242.174629,64,346400.15925
242.174629,64,346415.038514
242.174629,64,346429.315268
242.174629,64,346444.112668
242.174629,64,346458.346356
242.174629,64,346472.49693
242.174629,64,346486.530824
242.174629,64,346501.284127
242.174629,64,346515.472086
242.174629,64,346530.00286
242.174629,64,346544.003567
242.174629,64664.039196,4500,346669.862306
565.777239,206,346926.065511
6588.056176
242.174629,64,346602.387641
242.174629,64,346617.242944
242.174629,64,346631.694651
242.174629,64,346646.451535
242.174629,64,346661.032543
242.174629,64,346675.462532
008421
3824.405172,4500,336148.883317
2731.717972,404,336239.97299
3429.515332,4500,337682.071807
3218.590218,3929,338987.675409
2719.03074,381,339073.061916
3233.656259,2188,339782.801676
2726.16732,377,339869.068947
3114.713548,1203,340348.888354
3052.86336,2318,341083.389916
2359.030744,2004,341743.67027
3052.863303,4067,343084.78955
3118.6783,3770,344359.601891
2731.717961,407,344452.809407
2712.687151,391,344542.008538
2724.581381,421,344637.891601
2232.951485,1386,345161.946397
2214.713575,848,345353.766972
2185.374421,1058,345799.230945
3239.206939,1236,346293.055155
3220.176108,2133,346985.487518
.984674,4111,333728.260467
690.921249,179,333769.271751
1254.923269,3739,335036.294269
935.747692,604,335379.531451
896.695621,942,335588.424148
1244.40925,3401,336877.182706
932.743687,2147,337572.032618
920.727665,974,337793.623303
941.755702,2102,338475.843866
729.97332,225,338527.058364
736.732332,135,338557.910163
885.430601,3976,339882.434554
1215.871199,2219,340590.321532
688.668245,989,341025.196187
877.920588,1432,341561.201467
940.2537,2433,342317.306862
1311.999372,4500,343759.03818
736.732332,405,343849.587412
1268.441294,1290,344351.228963
1300.734352,4500,345788.186469
916.221657,3508,347006.172208
4667.236378
2677.839351,1773,345278.069285
2683.060447,1975,345932.003041
2679.579716,1414,346465.425738
2678.999593,1619,347040.909489
00,345990.845936

444.720218,101,339824.114349
573.668773,132,339854.033719
444.720218,101,339877.200996
444.720218,101,339900.676506
574.684115,101,339923.375196
443.704875,101,339946.640523
573.668773,132,340187.809517
569.607401,132,340216.894753
565.546029,194,340258.468086
424.413359,101,340281.708685
555.3926331.593921,1702,340857.897338
2753.795063,718,341020.258788
9360.722208,2877,341878.912161
6433.206824,902,342292.631498
2032.258062,189,342335.149149
6239.373809,1366,342644.874847
6327.324471,1228,343133.455216
6428.083484,932,343555.538764
6361.480069,974,1302.275652,3273089.373811,1018,1265.178184,966765.370012,1052,896.522113,2561,345161.704209
1302.275643,377,345247.062157
1265.951054,570,7964.231495,2122,345854.168733
6735.483864,2075,346536.380596
9854.999987,653,346685.028357
6409.297906,894,347095.551452
6336.717261,972,347314.88077
1987,101,341002.450484
432.536102,101,341025.490201
431.520759,101,341048.298995
439.643503,132,341078.493482
424.41336,101,341100.854916
415.275272,101,341123.684122
423.398016,101,341146.820602
415.275272,101,341169.827185
441.674189,101,341192.545472
431.520759,101,341215.741266
1364.620915,4500,342651.465928
443.704875,101,342885.445083
1453.971099,4500,344323.982825
577.730145,101,344347.171579
443.704875,101,344370.302442
1151.398887,4500,345807.381995
571.638087,101,345830.04521
443.704875,101,345853.03956
1440.771647,4500,347292.600359
568.592058,101,347315.26443
537.116426,102,347338.258043
37759.615677
1353.197654,133,337789.100244
1353.197654,133,337819.009233
1353.197654,133,337847.750876
1353.197654,133,337878.542811
1353.197654,133,337908.397569
1123.546494,128,337937.616463
1353.197654,133,338176.874817
1395.348816,135,338207.587204
1370.639514,134,338238.206606
1353.197654,133,338266.957128
1353.197654,133,338295.946331
1123.546494,128,338324.701581
1353.197654,133,338355.608813
1353.197654,133,338384.841367
1353.197654,133,338415.348621
1100.290681,144,338448.242029
1716.569741,2383,339195.180506
1353.197654,133,339224.584997
1353.197654,133,339255.003397
1353.197654,133,339284.943812
1353.197654,133,339531.206297
1395.348816,135,339561.890394
2322.674383,4500,340997.989769
1353.197654,133,341028.090718
1353.197654,133,341058.639043
1386.627886,135,341089.342535
1353.1878.550199,748,341180.795226
2096.835302,258,341239.232613
2059.507733,276,341302.316267
2798.755789,2219,342221.113793
1878.550196,439,342319.992545
2087.909144,282,342383.949099
2860.427418,4500,343824.349777
2302.948368,440,343923.053211
2285.096058,470,344239.484823
2068.43389,513,344356.206519
1879.361671,332,344431.811262
2210.440922,4500,345868.54559
2070.868299,506,345982.47348
2281.850179,380,346282.848316
1878.5502,311,346353.392887
2087.097671,596,346487.123585
2288.341928,357,346567.571357
2061.130669,365,346651.129483
1876.927263,381,346947.895002
2282.661649,366,347029.948063
2297.268084,507,347142.703238
1878.550199,197,347187.915853
1876.115792,212,347235.854432
41,2138,342332.008047
2498.215734,1306,342628.43846
2546.731412,767,343012.830301
2489.332587,2491,343788.656474
1837.445887,618,343926.510489
2515.298706,1057,344376.460247
2513.932072,1280,344668.507596
2489.332599,1050,345115.539383
2489.3326,2042,345784.470973
2520.765296,538,345906.313909
2504.365618,1953,346560.693573
353.197654,133,343969.614894
1957.848807,4500,345623.595685
1353.197654,133,345651.998542
1353.197654,133,345681.557679
1353.197654,133,345709.341776
1353.197654,133,345739.056337
1353.197654,133,345768.429841
1353.197654,133,345798.312665
1353.197654,133,345828.491019
1353.197654,133,345858.686339
1353.197654,133,345888.262148
1687.499974,888,346303.945524
1353.197654,133,346334.580345
1370.639514,134,346363.94637
1739.825555,1349,346668.789825
1395.348816,135,346698.39291
1353.197654,133,346939.790689
29513
2666.918422,570,346977.537372
.395395,492,284083.977277
2873.395392,543,284197.373487
2678.632249,495,284298.060349
2873.395396,543,284631.781502
2676.076305,509,284735.537495
2873.39539,1037,284948.611011
2681.188205,321,285014.138587
1483.471531,143,285261.341476
2661.762998,743,285421.792703
2686.811268,753,285576.400588
2873.395389,491,285674.557986
2873.395388,763,286058.329702
2872.373016,481,286158.754365
2686.81128,376,286237.605443
2681.1882,323,286304.373824
2873.39538,652,286660.023039
2873.395397,690,286803.62236
2678.121064,340,286871.904803
2872.884209,484,286972.237715
2872.373008,496,287290.502015
2873.39539,490,287391.240676
2873.395399,467,287491.317471
2873.395396,542,287601.406801
2684.766522,602,287949.256664
1482.96034,216,287998.613135
2873.5088.111299,4500,289197.455873
3642.495787,450,289295.709898
600.442663,93,289314.840301
4240.092752,677,289460.801714
640.282461,76,289476.146694
631.745365,99,289496.843958
5128.899685,4500,290870.434508
629.848232,97,291110.867694
4250.526983,472,291206.599592
4254.321255,1714,291777.979193
5162.099505,4500,293152.471051
3743.992416,720,293302.529589
632.693931,95,293323.565146
713.322094,123,293348.233328
4348.229359,962,293772.413666
5082.419914,4500,295186.50707
4341.58939,553,295311.859989
4242.938451,435,295410.336863
3734.506751,377,295706.060023
3736.403887,2200,296410.012483
4346.332228,450,296510.365402
3743.043845,557,296637.086189
4242.938464,551,296760.477873
643.12816,75,296776.753365
3742.095285,454,297089.235318
1031.091907,113,297115.567162
4352.972185,494,297227.539325
4245.784142,1694,297824.89371
4252.424114,1410,298144.219095
4240.092758,461,298458.655118
634.591065,89,298478.807965
640.282462,79,298496.834593
5098.545547,4500,299928.219247
5059.65431,4500,301367.78632
5107.08264,4500,302807.849426
1029.194774,154,302842.326496
3735.455318,1139,303310.327636
629.848231,84,303329.396254
3739.249578,529,303449.825611
4248.62985,483,303770.69586
5110.876907,4500,305207.299502
637.436761,97,305229.029174
610.876896,84,305248.261009
3736.403884,559,305374.183443
4242.938451,651,305521.543106
633.642499,91,305541.442301
3744.940983,879,305949.74896
3741.146719,1724,306551.203104
4148.081793,638,306696.447952
627.951098,113,306722.577418
9804.888892,878,307129.521309
4147.133215,528,307248.564839
4147.133225,460,307351.856065
4252.424115,480,307460.001107
3741.146713,2317,308202.387213
3735.455314,990,308637.382237
5117.516886,4500,310079.114978
4240.092753,626,310222.698002
3747.786678,726,310595.804322
4259.064095,1841,311225.567562
4248.629862,413,311318.103209
4154.721762,810,311500.439316
4155.670327,797,311889.391958
3741.146714,451,311990.643898
1031.091908,102,312013.477385
4156.6189,886,312211.75796
4147.133214,573,312552.936091
634.591064,91,312573.60813
4149.030359,561,312698.369961
4241.04132,1526,313252.564898
3740.19815,473,313358.517246
4347.280782,527,313477.356648
4243.887031,777,313866.592038
2224.388711,506,313979.532811
3655.775724,594,314114.818726
4245.784152,805,314298.146821
4245.784148,1074,314750.303306
643.128161,74,314766.22862
638.38533,76,314782.873388
4157.567455,636,314925.361656
3744.940986,320,315206.659363
3744.940979,430,315303.176829
3742.095281,529,315421.643203
4147.133227,486,315531.755487
1030.143332,94,315553.506984
639.333898,92,315574.676202
3747.786677,939,315999.584919
3747.786672,743,316166.644504
3743.992417,399,316257.182405
4149.03035,1478,316801.572487
9861.166637,625,316943.023963
3651.032885,628,317295.783642
3738.301011,304,317362.13375
1028.246205,92,317382.986587
1028.2462,93,317403.531053
1032.989034,92,317424.05319
5089.059868,4500,318858.765003
4254.32124,1498,319410.237387
9803.277797,886,319609.256104
3740.198142,573,319950.971988
3742.095289,2995,320835.687733
4147.133225,1247,321327.48073
4251.475553,2302,322057.951731
4242.93845,509,322174.07534
5116.568286,4500,323616.680422
2205.417368,223,323666.986912
3742.095277,405,323968.993092
5095.699827,4500,325405.446273
3741.146712,324,325478.445883
4141.441821,496,325593.058547
3737.352441,779,325978.232676
3745.889545,377,326061.997681
4146.184658,564,326189.545351
4244.835588,436,326288.522369
4158.516025,556,326414.635837
4144.287521,420,326718.831251
2225.337269,219,326766.201397
3740.198145,364,326848.911618
3743.043845,378,326933.586823
4250.526984,494,327043.455267
4242.938451,453,327355.240871
3745.889547,354,327433.712242
5073.882793,4500,328862.709517
3742.095277,393,328949.145211
3748.735244,324,329021.626448
4162.31029,465,329336.994638
3749.683812,320,329409.691703
5096.648396,4500,330849.686305
5022.660199,4500,332288.14728
5001.791737,4500,333719.814598
4353.920742,356,333800.954887
4253.372687,622,334152.74756
4249.57842,542,334274.256305
2164.629003,159,334310.682089
4250.526978,408,334404.034828
4147.133219,449,334717.732927
5075.779933,4500,336241.260701
4144.287518,653,336389.673659
5070.088534,4500,337829.892249
5052.06576,4500,339263.907566
4149.978924,422,339575.425315
4154.721752,378,339661.740691
5056.808603,4500,341097.33674
5073.882806,4500,342534.029294
4243.887019,467,342639.093549
4246.732716,584,342982.858268
5097.596951,4500,344422.55999
3747.786674,320,344495.468482
5015.071666,4500,345931.182307
3747.786675,313,346001.667057
3748.735244,474,346323.470642
3662.415679,418,346417.298738
8
2327.25904,390,335457.999069
1930.120492,4500,336992.43948
1871.837363,4500,338427.90936
3576.957846,725,338591.988194
2779.96988,620,338942.50788
2778.614458,827,339127.395893
2782.680723,775,339517.210523
3574.24699,507,339633.15581
2784.036142,473,339740.556557
2779.969877,459,339844.756962
1842.018083,2719,340876.929013
3671.837352,1128,341132.225016
2110.391572,356,341213.294713
3671.837354,1085,341667.645542
1930.12049,4500,343104.830666
1904.367479,4500,344546.501452
2779.969876,1031,344989.968371
1936.897599,4500,346428.903346
5379,652,319323.282137
2872.373013,542,319445.454598
2675.053918,452,319546.295013
2686.811282,419,319640.088801
2873.395377,762,320024.260483
2680.677006,447,320125.746054
1483.471522,269,320187.992571
2873.395378,598,320320.308306
2873.395392,652,320677.617111
2062.649067,740,320844.894164
2873.395386,471,320950.761134
2873.395389,762,321333.830511
2662.785378,420,321429.794224
2059.581938,458,321530.701822
2873.395398,432,321626.108948
2870.839437,589,321970.937019
2680.676996,624,322114.405127
2682.72177,283,322179.480683
2873.395382,762,322353.759756
2873.395395,709,322728.184401
2005.907051,541,322850.411484
2126.547738,704,323008.593398
2061.626682,967,323436.425642
2291.661907,513,323551.651744
1482.960334,311,323623.373657
2873.395399,543,323956.552427
2683.232957,379,324042.528143
2678.632242,382,324128.763675
1482.96034,208,324176.026093
2873.395388,542,324297.164849
2663.296575,551,324633.485853
2873.395381,872,324830.702246
2871.861817,591,324965.593606
2873.395389,542,325085.15234
2684.766527,360,325376.365296
2873.395386,762,325549.498776
2873.395388,652,325697.663941
2125.525357,762,326078.814022
2067.24977,659,326227.850956
2869.305863,1354,326741.939684
2872.88423443.723417,4500,327432.185544
3443.723413,4500,328861.367603
370.552696,56,328872.652798
3601.476835,4500,330309.022035
370.552696,56,330321.353735
3386.663669,4500,331755.117838
3600.134235,4500,333406.885506
2944.282823,4500,334843.795347
143.656296,64,334857.863197
369.210114,56,334870.41329
3444.394691,4500,336397.77604
393.376585,221,336448.50297
3061.087461,4500,337887.913921
3466.547312,4500,339537.77424
524.278327,4500,340973.233513
143.656298,64,340988.38176
143.656297,110,341013.220703
354.441708,77,341030.686502
143.656298,64,341045.275032
510.181283,4500,342481.534491
436.339216,4500,343920.79723
143.656298,73,343937.113365
472.588949,4500,345592.371365
363.839783,92,345611.784422
508.167367,4500,347047.217573
17906
2873.395404,458,332095.208423
2677.098688,436,332195.072113
2684.766522,514,332309.959564
2872.884199,543,332431.901917
1482.960333,297,332713.707479
2872.88421,764,332885.417688
2129.614862,1539,333439.810162
1483.471529,226,333489.660763
2873.395386,542,333611.989067
2873.3954,543,333732.135468
2052.936466,435,334041.910305
2871.350633,479,334150.685925
2873.395382,595,334284.6335546.511543,4500,334413.717368
4286.337144,518,334741.955855
1170.058122,188,334783.524742
1170.058122,425,334878.920157
4937.499925,1476,335419.33657
4930.232483,681,335570.102337
4938.953413,690,335723.677636
4937.499925,694,336188.651949
4286.337144,961,336406.540872
2353.197639,347,336485.23933
5656.976658,4500,337925.444551
5681.68596,4500,339574.950828
4611.918534,506,339690.393238
4607.558069,438,339788.448239
4933.13946,693,339947.427366
1309.593003,232,340210.378632
4609.011558,559,340333.389107
2348.837173,506,340446.694215
1167.151145,150,340479.742083
5678.778983,4500,341916.826757
4611.918534,406,342219.241066
4286.337144,681,342372.999535
4286.337144,581,342504.858608
1170.058122,199,342550.337559
4287.790632,451,342651.5669
4611.918534,501,342976.164378
2597.383681,285,343040.095975
4611.918534,504,343154.220821
2363.372057,365,343236.957041
2348.837173,436,343546.168229
1170.058122,150,343580.817077
4252.906912,334,343656.667227
2380.813917,331,343732.301495
4943.313878,422,343826.276558
5678.778983,4500,345267.329284
2380.813917,362,345349.325107
5584.302241,4500,346997.822327
4937.499925,494,347107.275992
4611.918534,456,347211.141833
4287.790632,450,347311.95624

1482.960333,419,342534.729608
1482.960339,268,342595.203503
2291.661907,393,342895.033947
2873.39538,652,343041.977718
2873.395387,699,343199.973984
2873.395393,477,343307.78629
2071.339292,508,343635.163555
2051.402908,758,343806.851808
2669.430842,529,343924.672456
1482.96034,235,343977.396811
2056.0032592.96621,4500,345243.937963
1711.304807,332,345318.775861
2410.462307,1262,345810.66502
2600.901172,4500,347250.68982
1706.8965,337,347326.145431
5395,543,345071.357861
2873.395386,542,345195.525267
2679.654628,526,3225.219986,4502050.891715,932,345732.460743
2873.39539,706,345890.707816
2872.884202,542,3356.305019,4500,347145.567422
943.988289,159,347182.136624
346471.688945
2056.003617,329,346545.22092
2059.581935,558,346672.416925
2871.350635,599,347017.885694
2873.395384,589,347149.326443
8534,508,284256.065328
1240.70776,220,284300.864656
1242.999002,476,284620.65019
1234.97965,510,284724.727811
1191.446049,316,284789.670988
1245.29024,476,284887.289984
1244.144618,764,285261.848083
1199.465394,349,285339.53469
1226.960306,188,285379.307962
1221.232195,380,285458.822246
1237.270893,252,285510.585973
1213.212853,764,285664.264044
1226.960304,285,285944.458638
1233.834031,380,286026.280976
1222.377822,636,286159.914621
1175.407358,316,286226.454106
1189.154812,413,286311.535538
1225.814678,253,286583.59034
1225.814685,348,286656.841911
1234.979651,316,286722.048954
1209.775985,476,286821.110706
1233.834031,188,286858.913751
1226.9603,381,286936.509734
1245.290238,252,287206.404453
1231.542789,252,287258.275299
1217.795331,412,287341.952235
1222.377819,316,287408.276401
1223.52344,316,287475.785744
622.072311,124,287501.653927
1220.086571,636,287851.731905
1246.435863,444,287945.955486
1245.290243,380,288032.937304
1244.144628,508,288140.810505
1236.125268,316,288211.46008
1218.940954,509,288542.364534
1241.85338,604,288675.523932
1242.998999,348,288749.192654
1244.144622,348,288819.444741
1246.435862,188,288859.23697
1240.707762,316,288923.385571
1228.105925,348,289217.277265
1246.43586,540,289332.541726
1191.446047,188,289372.914454
1246.435866,572,289495.397602
1204.047879,412,289582.078364
1246.435865,253,289853.228346
1231.542798,156,289885.612041
1233.834028,252,289938.803804
1244.144623,540,290053.27369
1201.756636,444,290143.847337
1234.979655,476,290461.863249
1213.212847,252,290515.87654
1226.960301,316,290579.230526
1193.73729,413,290664.223424
1241.853383,380,290741.31756
1240.707753,188,290780.030461
2158.350335,4500,292144.927254
1212.067226,316,292431.398664
1197.174151,189,292472.272784
1233.834029,316,292538.533568
1238.416521,252,292592.140985
1238.41651,156,292623.847427
1240.707752,412,292707.755774
1233.834034,636,293058.340768
1242.998999,573,293183.577961
1245.290241,508,293288.330548
1244.144622,220,293334.680216
1217.795336,476,293435.183107
1223.523449,317,293721.088567
1224.66906,412,293809.576531
1199.465394,604,293942.321387
1209.775979,316,294007.569423
1194.882915,316,294071.390287
1244.14462,412,294375.419254
1241.853376,348,294452.953754
1245.290239,348,294529.4321.127135,4500,294639.751289
4670.334991,716,295011.048543
4662.650703,716,295173.184727
4807.798225,758,295344.384266
4662.650705,706,295714.770399
4673.750219,740,295878.534512
6411.251444,4500,297315.296576
4662.650707,734,297693.038168
4542.263647,682,297848.356514
4662.650709,693,298006.722115
6411.251362,4500,299438.16691
4666.919756,659,299796.399452
4416.753724,689,299953.564943
5099.800891,668,300106.221474
4595.199802,704,300478.785597
4407.36183,546,300601.234796
4208.424341,664,300749.274466
6411.251402,1905,301388.953763
6411.251413,1975,302043.659248
4662.650709,679,302408.635787
4502.134626,690,302565.067461
4473.105117,699,302725.557716
4582.392664,721,303098.585746
3742.244642,1950,303752.251866
4662.650711,669,303904.14313
4321.127111,4500,305339.92079
4419.315153,663,305489.754384
4295.512861,4500,307138.04426
5802.485653,1072,307379.332441
5990.32359,4191,308757.959204
4662.650711,675,308910.654006
4689.972597,675,309275.175326
4471.397501,669,309425.318535
4544.825066,691,309583.393559
4074.376339,689,309951.073954
4584.100286,679,310103.223843
4640.451675,734,310269.79316
4762.546358,709,310640.815755
4559.339823,700,310799.157033
5967.27078,1514,311354.401203
4370.648028,668,311503.051715
4514.941739,1671,312088.059221
4662.650711,663,312237.152631
4556.778398,706,312607.346077
5134.807057,694,312762.055245
5438.763048,682,312916.446546
4519.210801,960,313342.903605
4188.786736,669,313493.764674
4964.045267,688,313862.871305
4502.988435,679,314014.340854
4662.65071,711,314176.604635
4662.650713,662,314537.565561
4353.57186,654,314684.334257
4790.722049,695,314839.611086
4792.42967,774,315222.833644
4808.652039,681,315374.764766
4662.650712,683,315529.790133
4710.464013,668,315893.03811
4695.949258,662,316042.707684
4662.650705,717,316205.362552
4980.26764,661,316567.034784
4678.01927,659,316714.925258
4619.960262,689,316869.452766
4434.68372,661,317230.247146
4562.755065,687,317383.251735
6407.836198,1258,317664.081304
4662.65071,715,318037.778927
4742.908751,777,318212.027471
4495.304141,1087,318666.991213
6411.251414,2033,319339.85559
4394.554685,1075,319581.253265
5787.970904,1039,320027.116173
4821.459171,661,320178.005399
5974.101259,1916,320819.104378
6411.251452,4387,322232.453259
4657.52785,668,322384.376039
4317.711889,4500,324035.41415
4321.127126,694,324192.40845
6644.341286,4500,325630.881227
6411.251451,2109,326317.031275
6411.251451,1893,326951.283507
6403.567148,2433,327706.594048
4999.051433,689,328070.509242
6411.25141,2500,328840.665908
6411.251435,1861,329468.228745
4546.532692,700,329626.353829
4673.750226,699,329995.351754
5969.832225,1019,330224.412592
3760.17464,701,330382.532357
6410.397613,2523,331370.244663
4716.440673,710,331531.512436
4662.650712,697,331686.886531
5954.463648,1773,332304.827921
4648.989765,724,332468.223341
5857.983242,1132,332937.500359
5273.977917,697,333090.041284
4662.650711,716,333463.063338
4431.268484,698,333619.692965
4693.387832,737,333784.236547
4543.117452,697,334153.30746
5376.434991,723,334316.374777
4662.6507,720,334480.061963
4911.109117,701,334848.634964
4958.068607,704,335007.378905
5006.735716,695,335161.64575
4662.650711,772,335542.26986
4653.25881,699,335698.18913
6411.251431,1147,336264.037269
4805.236796,691,336422.575445
4390.285652,729,336588.757797
1840.812112,217,336849.186508
4662.650705,761,337021.538659
4662.650702,798,337200.123873
4705.341155,690,337566.600697
4321.127124,725,337732.723831
4532.017935,717,337893.414005
4584.10028,684,338258.145157
4662.650708,689,338411.890154
4782.183955,712,338573.234642
5801.631842,1122,339036.285488
4658.381662,722,339198.332225
4662.650706,699,339572.335306
4462.005597,686,339728.387531
4300.635706,712,339889.915825
4475.666545,738,340265.998776
4543.117447,688,340420.118048
4662.650701,706,340577.873212
4374.063275,707,340948.258329
4662.650705,546,341072.972351
4662.65071,546,341196.097523
4664.358327,546,341531.538001
4662.650707,546,341653.311652
4662.650708,545,341773.405645
4415.899916,546,341898.162783
4447.49085,545,342231.347903
5004.174251,4500,343672.106543
4537.140789,545,343796.22169
4372.355663,545,343917.45734
4377.478514,546,344250.921293
4663.504516,706,344412.387473
4631.913581,685,344568.540565
5004.174263,4500,346003.399683
4627.644532,717,346379.855339
4752.300648,687,346534.051203
4018.024943,675,346687.507591
1842.519728,253,346955.391429
4519.210799,677,347105.979123
98373
1237.270888,349,315417.707182
1244.144621,477,315525.669024
1212.06723,956,315954.510964
1115.835047,380,316040.250266
1234.979657,284,316104.10155
1234.97965,508,316219.688143
1242.998993,541,316554.418683
1226.960302,124,316581.635595
1241.853381,220,316631.505527
1232.688413,700,316788.553642
1228.105931,284,316852.166183
1237.270889,316,316923.904256
1199.465394,284,316988.08003
1198.319775,348,317278.024682
1234.979651,380,317361.321291
1216.649716,284,317424.750257
1221.232194,220,317473.755294
1231.542788,668,317624.64783
1224.669056,220,317671.894384
1218.940953,605,318021.387505
1225.814685,253,318078.157251
1244.144624,444,318177.359013
1237.2709,284,318242.178414
1242.999002,509,318566.334578
1236.12527,220,318615.06825
1236.12527,412,318708.294646
1234.979659,252,318765.72426
1232.688407,284,318830.708025
1224.669066,252,318886.994388
1244.144622,381,318973.720062
725.178217,92,318994.894319
1234.979655,156,319243.752457
1222.377821,412,319335.704739
1196.028528,477,319443.143366
1214.358472,284,319506.952737
1230.397165,156,319541.154062
1239.562137,316,319612.784783
1244.144616,412,319917.724993
1234.979655,188,319960.624448
1238.416519,284,320023.490647
1236.125277,284,320088.345531
1221.232202,221,320138.545694
1242.998999,765,320309.628714
1242.999007,444,320620.481005
1194.882906,220,320670.027853
1230.397173,508,320785.589539
1245.290238,284,320848.524642
1231.542792,221,320898.898563
1217.795336,604,321034.070979
1245.290242,316,321316.723948
1241.853384,893,321516.953916
1246.435863,348,321594.598627
1231.542793,284,321657.292064
1245.290247,220,321706.48868
1233.834037,316,321990.959224
1245.290244,380,322078.516219
1239.562143,349,322158.270655
2167.51531,4500,323601.286109
1228.105925,284,323665.277837
1245.29024,1020,324106.092779
1215.504093,444,324205.988475
1239.562135,220,324255.119913
1246.435864,444,324355.930617
1241.853379,252,324412.706885
1198.319772,509,324738.790391
1193.737285,220,324788.681704
1239.562137,220,324839.420042
1230.397163,444,324941.463603
1238.416519,284,325004.312415
1202.902256,220,325052.966445
1238.416513,668,325413.391289
1241.853379,573,325543.046571
596.868647,92,325564.482123
1224.669057,252,325622.046622
1215.504099,316,325693.056237
1244.14462,604,326038.008897
1208.630369,220,326088.150045
1237.270894,252,326144.378656
1246.435861,188,326186.976891
1200.611012,317,326259.054817
1197.174159,764,326432.705997
1240.707759,285,326706.16477
1244.144622,636,326848.13936
1218.94095,188,326890.114494
1209.775993,285,326954.698024
1226.960303,252,327009.831756
1245.290244,220,327058.6379
1231.542789,669,327418.672019
1174.261737,701,327575.496106
1209.775982,540,327698.42866
1242.999002,476,328014.543778
1244.144617,348,328092.31038
1209.775985,253,328149.386883
1230.397169,636,328292.722046
1231.542789,412,328386.000663
1234.979656,381,328684.453782
1141.038713,252,328739.692497
1234.979648,445,328835.632066
1245.290254,636,328975.915043
1220.086573,476,329081.300223
1213.212846,284,329357.422375
1210.921608,316,329429.294205
1238.416517,220,329479.609373
1228.105923,316,329551.689939
1176.552973,669,329701.966241
1215.504089,348,329780.533359
1246.435859,380,330076.353569
1229.251542,444,330175.874048
1239.562133,477,330284.612125
1246.43586,380,330369.879588
1208.630366,316,330440.323588
1233.834029,412,330747.671481
1240.707761,284,330812.112082
1229.251549,509,330922.576753
1225.81468,477,331027.838237
1237.270901,412,331121.605968
1245.290246,476,331439.732013
1220.086578,253,331496.726308
1246.435867,188,331540.00368
1234.979649,572,331666.819012
1246.435865,509,331783.237221
1223.523439,220,332049.64676
1216.649719,316,332120.838109
1226.960309,540,332243.822975
1221.2322,380,332327.895949
1223.523437,637,332472.259096
1244.144618,765,332857.800224
1242.998996,380,332944.208345
1207.484738,316,333012.793293
1239.562138,412,333103.982636
1234.979655,316,333385.920394
1236.125267,188,333429.067035
1212.067227,253,333485.190912
1221.232203,412,333578.486054
1234.979652,348,333655.71747
1242.999006,284,333718.738814
1246.43587,284,333783.195705
1222.377826,380,334079.202204
1246.435859,316,334151.939873
1217.795335,316,334222.913454
1216.649708,444,334323.864178
1201.756644,157,334359.5058
1239.562141,701,334730.374148
1230.39717,348,334807.990596
1242.999005,316,334878.172393
1231.542789,189,334920.22316
1246.435855,220,334970.391445
1234.979654,476,335077.971119
1241.853383,188,335119.934383
1234.97965,477,335435.418398
1242.998999,444,335532.062694
1245.290245,380,335616.016939
1246.435866,317,335687.554684
1245.290242,252,335744.663434
1240.707765,348,335921.74142
1242.998992,156,336166.743111
1240.70776,444,336265.525371
1246.435866,285,336331.572164
1230.397174,348,336410.986964
1225.81468,348,336489.56093
1246.435865,893,336904.226693
1246.435861,604,337041.035339
1231.542795,220,337090.454972
1244.144625,317,337161.695164
1207.484751,476,337267.186733
1242.999001,573,337608.945123
1225.814686,412,337703.269255
1224.669059,220,337753.778959
1221.232193,540,337874.465005
1242.998993,285,337939.035219
1226.960301,508,338262.809383
1150.203679,188,338303.757006
1239.562137,349,338382.451931
1179.989829,284,338447.498324
1217.795328,316,338518.545986
1221.232198,284,338583.460897
1234.979646,188,338836.179581
1207.484745,188,338878.807733
1199.465399,316,338950.068275
1229.251546,445,339049.365399
1214.358467,284,339112.544026
1218.940952,348,339191.218873
1228.105922,380,339276.586828
1245.290246,316,339564.545982
1229.251551,412,339658.574624
1246.43587,252,339715.724384
1233.834028,316,339786.076391
1236.125273,732,339953.741101
1237.270901,220,340214.339096
1184.572316,412,340304.117186
1234.979655,156,340339.07744
1237.270894,636,340480.927212
1246.435861,253,340538.417463
1245.290245,188,340580.705517
1229.251555,316,340863.509495
1237.270891,252,340919.502628
1237.270891,860,341114.758601
1218.940955,380,341201.251752
1245.290244,540,341535.157685
1246.43586,189,341578.07784
1244.14462,668,341725.222342
1217.795339,220,341773.718219
1238.416506,412,341867.791137
1239.562145,348,341946.890196
1244.144617,605,342293.223915
1229.251548,540,342415.884965
1220.086573,252,342472.859274
1221.232202,220,342523.085768
1209.775982,156,342558.832185
1240.70776,444,342658.637033
1245.290245,476,342977.476898
1242.999003,348,343055.421758
1208.630367,412,343148.702772
1220.086577,444,343249.667856
1223.523439,540,343583.013628
1229.251549,252,343640.416708
1242.998997,220,343690.25175
1229.25154,445,343791.235992
1242.999001,252,343847.293815
1245.29024,380,343932.344558
1237.270898,285,343996.089622
1237.270894,444,344307.522624
1231.54279,316,344379.689713
1242.999004,316,344452.234696
1245.290246,284,344516.865496
1229.251547,252,344574.623324
1236.125276,220,344624.743587
1223.523439,541,344956.994136
1246.435869,925,345166.774803
1246.43587,284,345231.073832
1245.290241,573,345573.535799
1221.232202,1021,345797.738
1191.446049,508,345912.7752
48
1763.804334,822,345256.868044
1022.282593,152,345291.166741
1763.804335,799,345681.996475
1763.804334,813,345862.423844
1763.804333,555,345987.649144
1763.804334,587,346335.691314
1763.804333,751,346503.947551
1763.804335,684,346659.21444
1760.86955,613,347008.011494
1763.804336,1022,347237.326008
1335.652867,253,295830.300693
1335.652859,221,295879.423988
662.702448,96,295900.929095
934.843137,86,295919.920954
1335.652868,228,295970.652253
1335.652859,178,296010.427619
1335.652867,210,296057.869839
1335.652867,239,296110.502908
1335.652871,210,296371.379179
1335.652864,183,296412.82997
1335.652869,253,296468.992589
1335.652861,156,296504.051744
934.843143,87,296523.705427
1335.652871,202,296570.104699
1335.652862,188,296612.642643
1334.514203,193,296655.61322
1332.236877,210,296702.148243
1335.65286,170,296740.656912
1335.65287,287,297016.714844
1335.652874,251,297072.334965
1333.37554,186,297114.433717
1335.652868,209,297162.640755
3449.013284,4500,298604.140145
1335.652868,181,298645.080542
2820.470715,366,298727.22953
659.286454,84,298745.774708
1335.652863,192,298788.104585
1335.652865,183,299039.344401
1335.652864,210,299085.229864
1335.652863,180,299126.034846
1335.652872,176,299165.256506
1335.652871,185,299208.593599
1335.652874,234,299261.275272
1335.652865,209,299307.717602
1335.652861,189,299350.800341
1335.652866,221,299399.771763
1335.65287,221,299448.179996
1335.652867,226,299710.368681
1335.652872,141,299741.898491
1335.652865,135,299772.067462
655.870463,82,299790.100289
1335.652868,191,299833.923358
872.216621,81,299852.635048
1335.652874,233,299904.87449
934.84314,83,299923.790218
686.614389,81,299942.237182
1335.65287,203,299989.354486
1442.687279,191,300032.44697
3449.013282,4500,301471.469481
659.286458,83,301490.038184
682.059736,85,301508.533599
700.278359,85,301743.143069
666.118441,85,301762.004583
1335.652865,185,301802.293032
1335.652868,214,301848.427207
2089.448473,4500,303287.927179
934.843141,87,303307.299662
1328.820885,187,303350.129355
1335.652877,333,303425.160382
1333.375544,262,303485.896216
675.227749,81,303504.411774
1333.375546,269,303776.036698
1335.652872,250,303833.002814
675.227754,84,303852.246407
1334.514199,183,303892.684406
1335.652872,268,303952.922235
669.534433,89,303971.518316
934.843142,125,303999.840431
654.7318,104,304022.436643
690.030382,85,304041.991221
1335.652869,179,304082.819391
1335.652873,230,304134.555681
1335.652863,225,304185.876673
1329.959541,176,304440.225247
1333.375543,193,304483.50676
1334.514205,256,304540.491201
1324.266232,256,304597.617919
1335.652875,217,304645.810665
1320.85024,218,304695.180444
1333.375542,227,304746.304025
934.843141,110,304771.545084
1333.375535,264,304829.418404
1335.652871,268,305100.826259
1335.652868,210,305147.242662
1334.514205,213,305196.430794
1335.652867,207,305243.316176
1335.652867,217,305292.206281
1331.098212,203,305337.803527
1334.514207,312,305408.034168
13352471.034654,734,305459.64711335.652866,251,305509.470387
692480.580991,389,305789.38553417.130656,4500,307183.101625
1332.236872,184,307224.10272
1331.098211,179,307264.000007
1335.652868,202,307309.62628
1335.652869,222,307359.721743
1095.394764,135,307389.783609
1329.959548,236,307443.084543
1335.652867,239,307497.498561
1303.770271,225,307547.409032
1335.652866,254,307823.045951
1335.652872,206,307870.293255
1335.652871,215,307918.355272
1335.65287,232,307971.584253
1335.652868,186,308014.337338
1335.652865,185,308056.796574
1335.652868,246,308112.145875
1335.652871,219,308161.3642
1335.652867,261,308219.694017
1335.652871,215,308478.822768
2761.2602,752,308650.512491
1335.65287,266,308711.641548
1723.319218,956,308833.254948
2473.237658,738,309211.020394
1871.817917,489,309322.262751
1544.304866,267,309380.21442
2468.831654,430,309479.394886
2254.406069,363,309562.674625
381.853795,88,309582.458968
389.197139,114,309819.722759
376.713454,249,309876.835771
1543.570526,338,309952.622545
2372.633856,316,310021.535219
2449.004625,4500,311463.678623
2501.142379,685,311615.641275
1401.844019,227,311877.22491
2434.317924,4500,313311.280096
2173.629296,535,313430.716838
1793.97852,815,313616.035349
2475.440648,1212,314101.661201
1841.710225,630,314244.677977
2548.139758,646,314600.2948
1745.512446,326,314674.309255
389.197137,140,314706.459449
2138.381244,396,314794.434481
1541.367543,444,314893.447084
2435.052278,4500,316331.706395
2161.145602,287,316607.496936
2552.545738,437,316706.126347
375.244792,101,316728.974465
380.385124,69,316744.53708
2247.062727,446,316844.030873
2503.345351,487,316954.751843
1543.570525,258,317223.802905
1567.803556,243,317278.841417
1203.573792,378,317361.796186
387.728474,138,317393.073368
2462.222634,597,317526.273413
1542.836204,559,317651.678578
380.385129,86,317669.833817
1208.714117,143,317916.855846
1205.776804,674,318066.650974
2469.565986,786,318243.753732
2470.300308,381,318329.564127
2476.174979,310,318608.612907
2474.706333,366,318691.119261
1534.024216,904,318896.162874
2456.34798,4500,320334.581728
1333.550959,564,320672.396694
2501.142355,722,320835.575269
2280.107754,385,320922.307836
1598.645596,437,321019.837244
2471.769002,612,321369.802431
1760.199146,698,321525.569287
389.19714,98,321548.348358
2448.270292,4500,322993.217486
1766.808147,511,323320.530347
1312.989578,258,323376.666128
2470.300313,769,323549.540237
386.994134,87,323569.441863
1420.936713,361,323652.0682
428.116856,81,323670.612675
1427.545719,250,323726.867264
1535.492857,244,323992.641751
2389.523539,380,324078.696562
1546.507871,264,324138.560165
2653.883875,3373.861431,4500,324913.885941
1362.980806,282,324976.995352
934.843141,165,325013.622844
1325.404893,138,325043.685719
1335.65287,215,32456.347981,4500,326139.808956
1753.590118,321,326213.158292
1543.570534,551,326338.402873
2455.613639,4500,327766.374925
2473.237632090.587115,4500,328295.207004
1335.652869,250,328351.758053
1325.404896,221,322423.302914,43400.050717,4500,330042.054892
934.843141,206,330088.179858
934.84314,236,330140.432493
1334.514207,282,330204.459925
1335.652868,274,330267.532269
1321.988902,204,330314.070359
935.981805,175,2459.285295,4503445.597264,4500,2426.9746,4500,332921.437088
381.8538,135,332088.309779,4500,333489.331328
1335.652871,214,333538.139188
1335.65287,209,333584.984151
1334.514203,265,333643.614998
1335.652871,226,333694.25114
1335.652867,22459.285307,4500,335007.700721
2156.739607,502,335120.294388
1567.069231,442,335427.893197
2252.937384,255,335483.557551
1721.279415,235,335534.97375
2274.967424,696,335690.22802
403.883823,80,335708.703159
389.197137,90,335728.661371
1546.507865,226,335880.344364
386.994139,90,335900.326989
2459.285315,4500,337547.759756
2138.381239,323,337621.997755
2455.613618,4500,339056.851609
383.322466,91,339077.509354
1563.397557,222,339126.944779
1435.6234,212,339174.753388
1546.507871,208,339221.092451
381.853797,81,339239.32090.587109,4500,339585.122011
3389.802755,4500,341021.535144
1334.52459.285309,4500,342380.847817
2159.676949,478,342489.3422.8231423.139719,329,342564.1335.65287,648,342920.136549
1332.236878,251,342977.455659
1335.652869,316,343048.357504
3409.160023,4500,344489.947887
935.981804,166,344527.020066
1335.652866,768,344912.157781
1335.65287,216,344960.311868
934.843139,120,344986.904158
1335.652866,270,345047.741045
934.843139,120,345074.757317
1333.375532451.941974,4500,346486.299917
2302.137779,348,346564.742974
1860.068583,337,34662092.864433,4500,346680.189996
1335.652868,182,346931.074924
84.176701
313.253017,61,298697.601598
301.204824,61,298711.749933
315.834773,61,298725.536264
303.78658,61,298739.010318
305.507751,61,298752.486305
315.834773,61,298765.730285
313.253017,62,298779.489118
304.647165,61,298793.100302
315.834773,61,298806.424837
315.834773,61,298820.543651
315.834773,61,299044.504868
302.06541,61,299058.04876
307.228921,61,299071.505051
312.392432,61,299084.466881
305.507751,61,299098.074838
315.834773,61,299112.0456
351.979352,64,299126.572949
305.507751,61,299140.053565
315.834773,61,299153.408821
315.834773,61,299167.548753
315.834773,61,299181.734436
315.834773,61,2528.735637,312,299230.574678
402.846204,456,299333.368983
424.740016,175,299373.197841
423.097976,199,299416.932219
430.760813,174,299454.757154
432.950195,223,299716.379822
434.044882,186,299758.160489
431.308157,229,299809.056149
425.834702,177,299850.038635
439.518335,209,299896.940906
433.497542,217,299946.159095
430.213479,381,300033.463732
432.950195,184,300076.622166
529.830324,235,300129.559894
440.065686,262,300402.463571
437.876304,571,300531.024032
435.686921,286,300595.345049
430.760811,205,300639.110134
428.571433,260,300697.494355
427.476746,203,300743.682221
428.024093,184,300786.137182
424.192675,220,300835.748121
428.024084,234,301100.139188
432.950198,187,301143.440432
432.402849,181,301182.413479
527.093601,251,301238.889886
427.476736,202,301283.947954
427.476736,192,301326.376844
424.192678,433,301424.368456
430.760819,201,301470.259377
425.834708,155,301504.440261
431.855513,396,301807.144881
438.970993,405,301896.357789
435.686923,203,301940.697535
436.781614,293,302005.785906
424.192664,184,302047.447034
435.686925,289,302112.603685
430.760813,238,302166.590702
428.57143,181,302419.081357
426.929399,202,302465.254365
429.66613,162,302502.171542
425.287364,189,302544.089216
1290.093058,1120,302800.956197
434.044884,205,302846.595271
423.645327,253,303113.740805
428.024088,169,303153.000339
430.21347,189,303196.409287
429.118778,202,303241.788667
436.23427,219,303290.453809
428.571437,178,303330.872879
426.382049,213,303379.827873
426.929398,265,303439.558113
426.92939,230,303492.69498
425.287359,239,303757.053504
429.666119,172,303796.568191
420.361251,195,303840.972822
428.571432,231,303892.544429
435.686915,171,303931.368839
413.245761,180,303970.154084
426.929397,190,304012.475072
2288.451075,4500,305450.880808
423.097981,595,305797.399438
434.044883,219,305847.306426
439.518338,191,305890.654115
434.59223,188,305930.635085
429.118779,181,305971.414222
423.645323,221,306020.849347
436.781609,226,306071.194321
411.05638,144,306104.434181
431.855507,194,306147.920188
434.592227,167,306185.852519
425.287364,181,306225.489856
426.929393,191,306480.494213
426.382047,219,306530.855837
426.929397,169,306569.481615
431.308151,542,306692.658746
525.998913,294,306758.242963
428.024088,224,306809.38729
430.760817,198,306853.938316
432.402851,218,307112.919322
437.876307,197,307157.933787
434.592229,162,307194.492224
434.592228,168,307232.178569
2271.483396,4500,308679.325011
551.176795,262,308738.999027
439.518337,190,308781.871632
433.497542,220,308832.136076
423.645322,183,308873.984316
438.423651,230,308925.265676
436.781609,267,309197.252618
425.28736,221,309247.234007
435.68692,195,309291.654671
434.044892,183,309332.076483
424.740009,169,309369.331833
428.024089,226,309420.953068
432.950192,2989,310520.209688
425.834704,181,310560.238539
430.76082,215,310609.33732
431.308155,218,310659.13926
432.950197,199,310704.740813
434.044885,222,310755.405051
428.024088,232,310806.521522
429.666121,204,310851.865084
434.04489,201,310897.827667
528.735632,249,310954.858467
428.571428,190,311210.748846
554.460865,241,311263.716178
424.192666,163,311300.745891
430.213463,191,311344.967988
434.592231,190,311389.028494
434.04489,3324,312555.105578
438.423653,301,312621.819278
436.234269,198,312667.125058
431.308159,209,312712.660051
426.929396,167,312750.384358
427.476744,199,312794.717852
437.876306,409,312887.411463
525.451562,234,312939.742216
432.402843,176,313190.229148
534.209089,280,313253.716363
426.929394,331,313328.363215
431.308157,165,313364.938343
428.024083,204,313410.983212
422.003287,196,313455.683869
429.118783,748,313625.417147
430.213473,281,313900.66802
426.382054,211,313947.405769
2228.790456,4500,315380.48403
434.044892,355,315460.613302
437.328961,635,315605.829754
430.760815,238,315661.024664
434.044887,249,315927.52649
429.666123,186,315970.502523
426.382047,200,316015.314774
435.139581,493,316126.208981
437.328958,231,316178.495746
437.876306,204,316224.830048
439.518348,247,316280.96935
424.740015,206,316327.804316
437.328961,195,316582.944668
421.455944,190,316626.259061
426.382058,585,316757.745985
433.497549,220,316806.225843
431.855502,215,316854.933173
430.213469,209,316902.251519
427.476742,229,316954.624075
425.287364,196,316998.859149
427.476738,177,317250.2177
434.044889,221,317299.516395
407.772309,201,317342.77622
424.192667,261,317401.725645
435.686921,213,317448.78617
528.735638,249,317505.249675
428.571437,1462,318045.414532
543.513959,254,318102.228301
432.402856,226,318152.493261
430.213469,250,318208.693965
429.118774,156,318244.51278
424.192673,181,318285.65166
430.213475,244,318340.424815
432.402846,199,318594.418879
401.751507,217,318643.271969
425.834705,179,318683.49417
434.044884,224,318733.044897
431.308155,188,318777.29809
426.382051,196,318821.878673
428.024087,211,318868.84581
423.64532,169,318907.595632
438.423653,216,318956.595684
432.402856,205,319003.262073
438.970991,199,319261.93812
428.571432,228,319311.674674
435.68692,225,319363.014004
432.950196,176,319402.822726
429.118779,160,319439.052278
425.8347,759,319609.249371
429.666122,187,319650.287177
2276.956835,4500,321298.426636
432.40285,197,321343.18118
436.78161,191,321386.195004
429.666131,2011,322050.52295
2290.64047,4500,323493.695704
419.266566,189,323535.882119
431.855507,1501,324086.840306
430.21347,1146,324345.351117
1290.09305,4500,325993.91076
425.28736,184,326034.440975
431.855505,216,326083.534623
403.940885,255,326140.156532
436.781613,213,326188.603074
401.20416,182,326230.110111
425.834706,246,326285.814826
432.402851,214,326335.190687
428.571436,225,326385.713937
426.929399,221,326645.936778
548.987416,276,326707.182746
439.518339,220,326754.608884
436.781614,208,326801.63069
433.497544,249,326857.945248
434.592234,355,326938.070524
536.398476,236,326990.865197
425.287361,193,327033.202617
433.497537,205,327078.778393
431.855514,198,327334.379013
424.740018,278,327395.984853
427.476743,203,327440.151366
434.044886,256,327496.777345
425.834711,247,327553.396622
436.781611,197,327598.090768
431.855506,198,327643.016087
430.213471,194,327686.998126
423.645327,174,327725.093541
426.929393,234,327987.859114
434.592232,202,328032.707968
430.213463,185,328075.060758
430.760813,217,328122.670244
431.308155,168,328161.484141
425.287363,242,328216.568195
431.855507,179,328257.273807
424.192671,219,328305.317485
430.213465,150,328338.673374
434.592227,180,328380.473855
2295.566604,4500,330021.213812
432.950195,164,330057.132472
433.497544,183,330097.64985
428.571434,576,330228.794764
512.862629,278,330291.946228
435.139579,240,330345.653748
435.139577,221,330394.80513
426.929395,204,330440.574496
432.950195,204,330700.304374
432.402846,213,330749.124932
434.044884,224,330799.905212
2171.866526,4500,332238.082459
429.666123,223,332288.371078
426.382048,209,332333.806861
425.287361,191,332376.781395
434.044887,202,332422.71644
527.093604,255,332694.69142
432.950196,179,332734.057839
542.966613,722,332897.545727
434.592229,163,332934.361332
430.760816,202,332978.215675
435.139574,204,333022.369541
426.38205,209,333068.250961
432.402855,195,333112.421155
434.044881,754,333493.012794
561.02901,330,333568.435219
429.666121,192,333610.869821
426.382049,196,333654.309774
437.328954,207,333700.329116
426.929395,189,333742.178914
429.118775,212,333790.675076
403.393545,247,334057.895831
435.139579,233,334109.730378
424.192667,244,334165.861251
426.929396,249,334221.723043
434.592232,222,334271.279109
434.044882,195,334316.099139
431.308156,195,334360.697942
429.118778,179,334401.672762
437.876305,232,334454.39188
430.21347,190,334708.924191
432.950202,239,334761.429762
430.213465,186,334803.891971
424.740015,223,334853.440666
431.30816,201,334898.195407
436.234266,222,334948.434712
425.287359,186,334990.792079
405.035582,224,335041.385927
425.287362,200,335086.835644
434.592228,221,335134.189085
437.876304,613,335480.173284
430.760817,2564,336364.253113
509.031203,448,336466.986399
435.139575,185,336508.203305
430.213471,279,336572.358536
425.834702,202,336828.923553
2691.297212,1687,337209.419107
431.855502,155,337244.803587
426.929399,253,337511.598305
432.402846,199,337556.808467
432.402849,244,337612.88876
438.423645,188,337656.251135
432.402854,259,337715.043817
437.876309,277,337778.096103
2305.966162,4500,339209.772933
430.760819,2889,340290.040471
423.645328,180,340330.044619
431.308162,208,340376.230023
429.118781,187,340419.229051
435.139572,228,340469.547116
430.213466,211,340517.378556
438.423653,251,340573.280453
424.192671,192,340617.065648
425.287359,205,340874.041001
423.645328,178,340913.545459
425.287363,166,340951.330432
438.970992,376,341037.450148
425.287367,190,341080.674755
430.213469,199,341125.084506
413.793108,167,341163.415865
429.666119,258,341221.926648
420.908595,245,341277.523233
430.213471,261,341547.734499
2691.297221,4500,342983.557378
428.571429,187,343025.520559
430.760816,256,343082.36566
430.760822,518,343200.103733
432.950192,178,343240.922761
434.044881,345,343318.67557
426.38205,1231,343809.45229
430.213462,291,343873.866888
425.287356,174,343913.145111
434.044881,214,343960.787401
430.213468,233,344223.893964
425.287355,157,344259.518658
430.213466,194,344303.430365
436.234263,202,344349.856713
2691.297263,4342,345752.16326
424.740016,169,345789.256163
428.024084,218,345838.86494
411.603727,213,345886.600688
430.213468,199,345932.305485
434.592227,1479,346480.012407
432.402855,206,346525.796038
434.044884,175,346565.544209
428.024087,202,346611.802706
426.929397,217,346661.358379
429.118777,209,346918.230766
437.876299,674,347069.367209
401.204167,302,347137.143044
432.950194,214,347186.278717
425.287359,203,347232.439353
427.47674,213,347280.2551
429.118777,211,347327.174049
15.395235,79,326232.615546
1892.233518,177,326272.679786
1929.457771,675,326425.952812
1015.395233,78,326653.718954
1017.46325,78,326671.567669
1929.457764,696,326825.895786
1929.457751,647,326971.772221
1017.46325,79,326988.543175
1929.457775,684,327351.447127
1009.19119,78,327368.893694
2458.869545,330,327441.656291
1189.108474,162,327477.027237
1929.457761,625,327619.663143
2473.345648,371,327703.349011
1011.259205,79,327720.004194
1009.191188,79,327736.959818
1013.327215,87,327756.949816
1906.709585,649,328112.468996
2479.549677,265,328173.136299
1929.457752,716,328333.412365
1929.457761,649,328693.512376
1929.457772,665,328837.554758
2733.915476,224,328885.053444
1007.123172,97,328906.497637
1164.292296,156,328942.005849
1929.457732,715,329101.224562
1929.457771,671,329465.279648
2465.073565,259,329524.786041
1929.457762,664,329673.506056
1011.259202,102,329697.208858
2700.827251,255,329754.82255
1011.259202,132,329995.526365
1929.457787,683,330147.094326
1929.457785,636,330292.853352
1013.327216,120,330319.781343
2475.413655,196,330363.420573
1011.259202,133,330393.118369
1017.463249,77,330409.815029
2740.119545,227,330675.505558
1929.457786,657,330823.892237
1007.123175,79,330841.658712
1929.457749,712,330995.212203
2479.549689,422,331091.539167
1929.457771,662,331451.95244
2746.323584,523,331570.908545
1929.457785,636,331713.091656
1493.106635,271,331774.751595
1929.457747,665,332141.764912
1013.327215,87,332161.473381
1927.389746,659,332310.113612
1929.457773,626,332451.260874
1013.327215,87,332470.996482
1929.457777,634,332826.234741
1135.340108,300,332895.249531
2756.663643,243,332949.832436
1013.327216,96,332970.830049
1015.39523,95,332991.749071
2481.61771,212,333037.042373
1929.457789,742,333414.872149
1929.457732,821,333599.534957
1011.259202,133,333629.625525
1929.457758,767,333801.41787
1929.457754,651,334159.736836
1929.457767,647,334305.639813
1013.327216,108,334330.668165
2465.073576,309,334401.019372
1013.327216,102,334424.174475
1929.457762,671,334786.031028
1929.457745,728,334949.535297
1925.321702,795,335127.623795
1929.457759,651,335481.709598
1017.463244,94,335502.869708
1929.457779,648,335645.986211
1007.123174,78,335663.613526
1929.457762,679,335915.566897
2696.691227,285,336189.28846
2773.207778,239,336242.783224
1919.117689,648,336390.11879
1929.457783,650,336538.523154
1929.457763,698,336908.268722
2473.345652,234,336960.550423
2767.003732,185,337003.048134
1011.259202,90,337023.542848
1017.46325,79,337041.331089
1015.39523,97,337062.404471
2483.685719,227,337113.592757
1929.457763,670,337263.37666
2471.277609,255,337532.303823
1017.463249,78,337549.630956
1927.389768,641,337696.912222
2479.549682,206,337743.942215
1017.463249,78,337761.708182
2694.623207,241,337815.216464
1007.123176,79,337832.080202
1017.463249,78,337849.825324
2479.549699,289,337915.66577
1017.463249,78,337933.586331
1929.45776,681,338294.729769
2725.643425,247,338351.060673
1927.389732,678,338504.213875
2475.41364,269,338565.345321
1929.457764,655,338924.066803
1176.700384,156,338958.952897
1141.544134,156,338993.410293
1015.39523,101,339015.882045
1929.457764,672,339166.862007
2469.209595,265,339226.173482
1914.981638,735,339609.041369
2475.41366,204,339655.851744
1929.457774,801,339837.018911
1013.327216,120,339864.289063
1011.259202,117,339891.41291
1929.457779,696,340257.62991
2762.867702,235,340309.810778
1015.395231,90,340329.986288
1009.19119,78,340347.167964
1929.457729,655,340493.441097
2473.345653,280,340556.626132
2752.52763,197,340601.973366
1015.395231,90,340621.996798
2419.577281,353,340912.166715
1017.463248,79,340930.062264
1017.463244,97,340951.984687
1013.327215,91,340972.777882
2452.665498,207,341020.44847
1929.457716,720,341183.933886
1013.327215,87,341203.033503
1013.327215,91,341223.934859
1013.327215,87,341243.920713
1929.457778,621,341595.082007
2477.481656,192,341637.558075
1610.983486,237,341689.488261
1017.463249,78,341707.338571
1929.457702,658,341854.34848
1929.45773,671,342217.592636
1009.191185,118,342243.829224
1929.457747,684,342398.742322
1929.457743,712,342560.483146
2460.93753,292,342625.78459
1127.068039,232,342889.396546
1017.463249,78,342906.686727
1894.301493,227,342958.218894
1011.259202,90,342979.036512
2473.345633,324,343051.641195
1017.463249,77,343068.393112
1929.457736,656,343217.823265
2469.209607,204,343263.794791
1929.457783,698,343633.748528
2463.005593,316,343705.079771
1929.457778,660,343853.793666
2463.005568,168,343891.254037
2463.00555,188,343933.255656
1929.457738,642,344288.53038
2767.003726,230,344341.360576
1017.46325,78,344359.137458
1017.463249,77,344376.510056
2448.529467,197,344422.316334
2463.005567,308,344492.710033
1929.457781,670,344644.887887
2477.481652,310,344925.595259
1017.463248,79,344943.787077
1929.457783,679,345095.910718
2469.209605,223,345146.906083
2657.398946,212,345195.481208
1011.259202,90,345215.849311
2744.255558,206,345262.133909
1929.457716,664,345624.160685
2463.005558,235,345675.7941
2752.527627,271,345734.137534
1881.893417,202,345778.73465
2775.275789,175,345818.544537
1929.457732,729,345982.885602
2733.915504,215,346245.40721
2471.277624,195,346290.097304
1929.457757,621,346430.409645
2717.371384,318,346501.834929
2678.079107,180,346541.822623
1929.457774,644,346688.454786
1929.457787,626,347039.863989
1929.457757,647,347185.193824
2446.461464,286,347249.63728
2460.937557,185,347291.227496
2760.799691,170,347329.186817
330,343834.618242
877.454682,322,343907.059056
877.454677,436,344004.587512
877.454675,284,344279.387998
804.947122,223,344330.580237
804.947124,181,344371.881324
793.617817,218,344422.294389
877.454675,278,344486.143074
877.454675,286,344550.489635
804.947122,431,344648.757374
792.484888,169,344897.930781
804.947124,167,344935.581717
788.51963,228,344985.369399
787.953164,223,345036.139068
877.454675,233,345088.899731
804.947124,460,345194.075475
877.454675,317,345265.501809
1235.460714,450,345580.336569
877.454675,248,345634.56691
877.454675,229,345684.628129
864.992439,208,345729.78241
792.484886,190,345771.690452
804.947123,174,345811.045855
861.593647,435,345909.460256
866.12537,335,345984.803099
877.454677,243,346253.674046
877.454675,246,346310.198704
933.534735,259,346368.418716
877.454675,199,346413.311165
794.750752,205,346459.64449
20.959215,476,346566.203541
935.23413,358,346648.177051
804.947122,163,346684.969362
804.947122,174,346934.586406
862.726578,264,346994.678066
804.947122,318,347064.339488
804.947123,391,347152.622881
949.962229,252,347210.402037
935.800596,256,347267.828978
13603,61,310882.241405
315.834773,61,310896.289797
329.604136,62,310910.655542
334.767648,65,310925.296118
304.647165,61,310939.361606
312.392432,61,310953.2521
315.834773,61,311179.59511
316.695358,61,311193.779764
315.834773,61,311207.662306
310.671262,61,311221.092066
353.700522,64,311235.161156
306.368336,61,311248.745885
313.253017,61,311262.187267
312.392432,61,311275.728968
315.834773,61,311289.711305
310.671262,61,311303.419284
315.834773,61,311317.462297
303.78658,61,311331.594204
315.834773,62,311346.277093
312.392432,61,311360.622186
304.647165,61,311374.696908
306.368336,61,311388.618186
302.925995,61,311401.256663
311.531847,61,311415.121257
308.089506,61,311429.345015
315.834773,61,311442.702469
1781.41139,4500,312873.109545
308.089506,61,312886.589754
1729.776278,4500,314537.61842
306.368336,61,314550.84115
304.647165,61,314563.54919
308.089506,61,314577.54875
317.555943,62,314591.82324
308.089506,61,314605.496058
299.483654,61,314619.311925
315.834773,62,314633.627241
335.628233,64,314647.786194
308.089506,61,314661.68283
302.925995,61,314675.312612
343.3735,64,314690.041189
305.507751,61,314704.007292
312.392432,62,314718.084107
319.277114,62,314732.27301
314.113603,62,314746.022624
298.623069,61,314759.472764
305.507751,61,314772.258763
322.719455,62,314786.373993
301.204824,61,314799.742122
309.810677,61,314813.384897
308.089506,61,314827.212951
325.30121,62,314840.893975
308.950091,61,314853.549459
313.253017,62,314868.150479
315.834773,62,314882.234293
320.998284,62,314896.078252
342.512915,64,314910.921192
308.089506,61,314924.469158
318.416529,62,314938.406171
346.815841,64,314952.171449
307.228921,61,314965.90435
302.925995,61,314978.419206
315.834773,62,315203.580825
313.253017,62,315217.172293
319.277114,62,315231.206313
308.950091,61,315244.555
313.253017,61,315258.068806
302.06541,61,315271.96339
302.06541,61,315285.75509
323.58004,62,315299.906945
305.507751,61,315313.630021
299.483654,61,315326.460741
312.392432,61,315340.084776
301.204824,61,315353.863371
305.507751,61,315367.430271
309.810677,61,315381.225847
307.228921,61,315395.067711
308.089506,61,315409.168434
321.85887,62,315423.292949
305.507751,61,315437.338346
302.06541,61,315450.577597
308.089506,61,315464.029343
302.06541,61,315477.52309
312.392432,61,315491.611906
304.647165,61,315505.531905
310.671262,61,315519.697809
304.647165,61,315533.825956
308.089506,61,315548.0343
302.925995,61,315562.399582
346.815841,64,315576.602686
304.647165,61,315590.823521
339.931159,64,315604.837411
319.277114,62,315619.029273
308.089506,61,315632.970656
308.089506,61,315647.466745
304.647165,61,315661.757277
319.277114,62,315886.011666
303.78658,62,315900.132354
315.834773,62,315914.490317
305.507751,61,315927.809968
311.531847,61,315941.698671
311.531847,62,315955.772613
305.507751,61,315970.245776
310.671262,61,315984.428516
303.78658,61,315998.073236
309.810677,61,316011.152053
338.209989,65,316025.411139
298.623069,61,316039.250642
305.507751,62,316053.112589
341.652329,64,316067.536142
301.204824,61,316081.060976
315.834773,62,316095.248166
333.046477,64,316109.582338
320.998284,62,316124.031623
302.925995,61,316137.860868
350.258182,64,316152.25725
302.925995,61,316166.212067
342.512915,64,316180.589862
305.507751,61,316194.548574
348.537011,64,316209.081623
337.349403,64,316223.602555
315.834773,62,316237.717016
308.950091,61,316251.509647
337.349403,64,316265.662334
302.925995,61,316279.83591
303.78658,61,316293.91152
302.06541,61,316307.499815
305.507751,61,316321.466127
328.743551,64,316336.123807
307.228921,61,316561.792377
305.507751,61,316575.239823
307.228921,61,316588.209535
344.234085,64,316602.931614
310.671262,61,316616.855075
332.185892,65,316631.624853
339.931159,64,316646.345658
304.647165,61,316659.22841
341.652329,64,316673.917372
342.512915,64,316688.154147
345.955256,64,316702.79552
308.089506,61,316716.616834
336.488818,65,316731.434633
307.228921,61,316745.087821
310.671262,61,316758.708591
341.652329,64,316773.087402
327.882966,64,316787.084657
306.368336,61,316800.744126
306.368336,61,316813.416619
322.719455,62,316827.484039
332.185892,64,316842.36551
335.628233,64,316857.122312
344.234085,64,316871.537121
308.950091,61,316885.305728
301.204824,61,316899.207006
308.089506,61,316913.087888
310.671262,62,316927.253626
308.950091,61,316941.157245
337.349403,64,316955.812648
305.507751,61,316969.810037
308.089506,61,316983.351501
344.234085,64,316997.942307
300.344239,61,317222.290535
342.512915,65,317237.112085
349.397596,64,317252.033432
340.791744,64,317266.123326
341.652329,64,317280.638381
346.815841,64,317294.897541
2736.660976,4500,318725.556248
340.791744,64,318739.557352
339.931159,64,318754.929409
351.118767,64,318769.707163
304.647165,62,318783.7959
339.070574,65,318798.490632
337.349403,65,318813.298905
305.507751,62,318827.627586
333.046477,65,318842.570844
327.022381,64,318856.707482
333.907063,65,318870.819188
335.628233,66,318885.724181
346.815841,65,318900.860814
333.907063,65,318915.462082
345.955256,64,318930.099978
302.06541,62,318944.08337
302.925995,61,318957.995703
338.209989,64,318972.365509
332.185892,65,318987.664304
298.623069,61,319001.327834
344.234085,64,319015.713336
341.652329,64,319243.88088
335.628233,64,319258.281514
342.512915,64,319273.196405
339.070574,64,319286.551086
348.537011,64,319300.289198
348.537011,64,319314.542572
348.537011,64,319329.304981
339.070574,64,319343.904733
347.676426,64,319358.469969
336.488818,64,319372.931344
1738.38213,4500,320809.19547
346.815841,64,320823.12204
308.089506,62,320837.053115
353.700522,64,320851.30729
1739.242715,4500,322290.224625
351.979352,64,322305.346615
351.118767,64,322319.989785
341.652329,64,322334.76098
341.652329,64,322349.564054
344.234085,64,322363.861059
308.950091,61,322377.626558
339.070574,64,322392.377327
337.349403,65,322621.39597
301.204824,61,322635.383008
348.537011,64,322649.880415
347.676426,64,322664.620685
303.78658,62,322678.696857
303.78658,62,322692.765119
345.09467,64,322707.216863
345.09467,64,322721.20063
348.537011,64,322736.043165
339.931159,64,322750.818913
348.537011,64,322765.282666
339.070574,64,322779.360393
345.955256,64,322794.224039
337.349403,65,322808.512595
349.397596,64,322822.520245
350.258182,64,322836.660856
335.628233,64,322851.498398
348.537011,64,322865.782998
333.907063,65,322880.718198
341.652329,64,322895.382178
345.09467,64,322909.360599
333.907063,64,322923.77761
306.368336,61,322937.368821
301.204824,61,322950.914593
348.537011,64,322964.61164
348.537011,64,322979.631219
348.537011,64,322994.039676
341.652329,64,323008.569941
347.676426,64,323023.324442
341.652329,64,323037.960908
341.652329,64,323052.030554
348.537011,64,323066.828491
347.676426,64,323293.240832
429.432021,73,323309.436926
348.537011,64,323323.624392
301.204824,61,323336.068052
1720.30984,4500,324773.148357
350.258182,64,324787.91819
348.537011,64,324802.265545
331.325307,65,324817.531866
1707.401062,4500,326253.482019
342.512915,64,326268.189502
1739.242715,4500,327698.300225
307.228921,62,327711.73846
346.815841,64,327725.359394
335.628233,64,327739.08384
417.383828,75,327756.305873
303.78658,62,327770.813296
339.070574,64,327995.229598
337.349403,64,328009.992193
3581.755655,4500,329438.144002
335.628233,64,329452.593431
1719.449255,4500,330890.111361
341.652329,64,330903.754078
303.78658,62,330916.991648
341.652329,64,330930.931738
301.204824,61,330944.282372
3564.543951,4500,332385.747677
3505.163571,4500,334031.299199
1728.055107,4500,335463.844124
423.407925,82,335482.145736
415.662658,81,335500.612889
1725.473351,4500,337036.002724
1739.242715,4500,338470.38183
494.836497,91,338491.617382
421.686754,82,338510.448667
423.407925,82,338528.633688
330.464722,82,338547.773113
238.382104,61,338561.205876
429.432021,86,338581.06504
387.263346,78,338598.410424
1724.612766,4500,340250.987665
395.869198,78,340268.380378
1738.38213,4500,341703.140726
495.697083,89,341722.810399
235.800348,61,341736.113632
427.710851,84,341753.862668
238.382104,61,341767.671677
406.19622,78,341785.366761
387.263346,78,341803.475029
486.230645,90,341823.749305
487.951816,89,341843.704027
429.432021,78,341861.857775
494.836497,90,341882.662935
235.800348,61,341896.619674
301.204824,81,341914.666205
235.800348,61,341928.466033
235.800348,61,341942.505864
387.263346,78,341960.531931
428.571436,79,341978.215354
238.382104,61,342203.100597
432.874362,85,342221.128787
330.464722,82,342239.593473
235.800348,61,342253.637398
327.022381,82,342271.479993
238.382104,61,342285.143486
386.402761,78,342303.13828
406.19622,78,342320.658092
238.382104,61,342334.013491
428.571436,85,342353.750749
235.800348,61,342367.819288
320.998284,80,342385.907039
492.254742,90,342406.712435
430.292606,85,342424.952085
382.099834,78,342442.519892
1700.51638,4500,343883.102352
431.153192,88,343902.984388
393.287442,79,343920.406122
397.590368,79,343938.066346
493.115327,91,343958.340732
235.800348,61,343972.288861
234.079178,61,343985.902595
429.432021,84,344004.665939
493.975912,89,344235.450104
235.800348,61,344249.5486
381.239249,78,344266.95407
429.432021,83,344285.716221
419.965584,82,344304.384939
238.382104,61,344318.594307
421.686754,82,344337.461217
235.800348,61,344351.227341
490.533571,89,344371.564981
498.278838,88,344391.621926
498.278838,89,344412.393676
489.672986,90,344432.282603
496.557668,90,344453.270725
235.800348,61,344467.653404
235.800348,61,344481.813468
238.382104,61,344495.295971
235.800348,61,344508.630095
235.800348,61,344522.599805
235.800348,61,344536.794894
235.800348,61,344550.568901
487.09123,90,344571.228293
487.09123,90,344591.844061
486.230645,88,344612.311009
485.37006,87,344631.699975
404.47505,82,344650.170145
235.800348,61,344663.829695
490.533571,90,344683.891281
425.129095,83,344913.510265
235.800348,61,344927.397202
396.729783,82,344946.09823
495.697083,88,344964.679235
404.47505,82,344982.936917
235.800348,61,344997.426754
399.311539,82,345015.938414
429.432021,83,345034.601488
235.800348,61,345047.882115
431.153192,84,345066.592219
429.432021,86,345086.488127
1689.328773,4500,346524.470038
235.800348,61,346538.341412
431.153192,85,346557.377811
396.729783,82,346576.144075
498.278838,88,346596.433866
415.662658,78,346614.413388
491.394156,88,346634.398135
222.89157,413,346938.287008
235.800348,61,346952.675138
235.800348,61,346965.916147
499.139423,88,346985.92681
411.359732,78,347003.739481
482.788304,86,347022.5432
498.278838,88,347041.840207
495.697083,88,347061.113504
490.533571,85,347079.942284
499.139423,88,347099.853621
500.000009,88,347119.677916
498.278838,88,347139.246707
235.800348,61,347153.370727
239.242689,61,347167.662801
238.382104,61,347181.615253
495.697083,88,347201.379167
392.426857,79,347219.471604
415.662658,80,347237.042999
493.115327,90,347257.258189
395.008613,79,347275.41455
494.836497,90,347295.410089
425.98968,80,347313.2111
500.000009,88,347332.868074
83.778159
637.788449,120,310911.366367
490.673082,170,310950.267268
597.115381,91,311183.469867
615.288458,262,311242.368691
566.826925,192,311284.719284
621.346147,84,311304.02266
552.11539,137,311335.523673
642.980763,127,311365.44001
482.019239,221,311414.743016
495.865387,98,311437.498773
707.884611,65,311450.759072
659.423061,179,311490.644264
416.250004,373,311573.146965
676.730781,938,311994.689097
716.538442,106,312018.813583
572.88461,93,312039.533708
460.38462,391,312126.096678
494.134633,787,312514.902864
610.096153,634,312657.681024
490.673083,191,312700.164369
713.076906,148,312732.300836
617.884607,126,312760.960785
581.538456,125,312789.365435
510.576929,334,312865.136135
602.307682,188,312907.661816
571.153846,151,312940.783166
584.134607,125,312968.243219
399.807701,260,313238.08974
1624.32692,1438,313563.986811
595.38461,93,313584.953413
398.076927,92,313605.360888
744.230749,68,313621.084929
514.903864,912,314038.130214
516.634618,101,314060.837076
413.653856,301,314129.740974
456.057695,127,314158.711275
604.038454,91,314179.201817
479.423086,166,314216.245778
552.980775,367,314300.837794
601.442303,127,314539.601016
623.942304,228,314590.352378
496.730777,206,314637.159814
697.499984,81,314655.244673
588.461538,278,314718.395785
613.557686,253,314773.960163
484.615395,385,314859.676569
506.250004,423,314954.493236
626.538451,86,314973.301883
725.1923,410,315275.740548
569.423091,847,315465.556315
673.26922,84,315484.495729
564.230769,148,315518.583785
511.442322,462,315624.198008
659.423069,176,315876.407809
719.134599,351,315955.147021
502.788464,121,315983.623394
614.423074,255,316040.007522
485.480772,93,316060.816745
758.076909,638,316205.656157
513.173081,77,316223.031879
479.423091,866,316630.575047
529.615387,265,316689.833034
721.730749,80,316708.042815
481.153851,186,316749.861931
623.076917,262,316807.929558
591.923076,218,316857.428993
609.230768,380,316943.945778
585.865382,92,316965.178772
507.980774,99,316986.766188
629.999989,170,317236.285061
361.730774,111,317261.526893
499.326927,132,317290.940445
623.942316,732,317453.268761
584.13461,153,317487.602963
1624.32693,505,317600.820821
496.730779,282,317663.326407
492.403851,92,317897.385855
623.942299,286,317962.306208
733.846133,161,317997.62427
488.076935,511,318112.837211
379.903852,168,318149.496242
603.173069,87,318169.022555
487.211543,93,318189.833199
785.769211,114,318215.745797
626.538456,638,318569.179701
629.134606,202,318614.164474
483.750005,101,318637.331594
578.942305,260,318695.879612
492.403851,164,318732.05762
576.346153,202,318779.450419
487.211545,284,318844.244546
532.211539,90,318863.954748
472.500003,89,318883.802463
634.32691,159,318919.975295
613.557684,91,318940.515659
601.442303,367,319237.848989
588.461548,131,319267.74434
621.34614,70,319282.633547
645.576907,299,319349.765673
511.442313,94,319371.055509
476.82693,179,319411.354726
475.961544,132,319440.943008
615.28845,102,319463.638525
485.480774,90,319484.224747
578.942301,89,319503.700577
613.557685,121,319530.681069
508.846157,87,319549.886277
565.096153,136,319580.887839
619.61538,303,319648.340463
501.92308,137,319679.050349
564.230769,96,319913.641673
617.884611,416,320007.309628
622.21154,391,320095.602963
482.884622,192,320139.734889
584.13461,88,320159.785814
787.499979,69,320175.890291
587.596149,213,320223.812095
612.692299,124,320251.505383
490.67308,228,320301.515987
501.0577,171,320339.382798
608.365375,90,320359.760816
576.346147,168,320608.243301
592.788455,95,320629.942163
780.576902,69,320645.327935
594.519231,498,320758.166353
453.461545,155,320793.538531
600.576919,303,320861.332081
475.096164,334,320935.573139
523.557695,246,320990.547225
400.673083,156,321026.028815
579.807688,93,321258.069772
629.999988,83,321276.760958
540.865387,93,321298.346467
433.557696,192,321341.985037
621.346148,259,321400.126639
469.903849,322,321471.21675
475.096161,192,321515.016767
619.615377,89,321535.351946
503.653858,441,321632.124446
496.730778,185,321673.960244
403.269235,137,321704.496217
623.076919,293,321983.45898
481.153851,102,322007.107902
611.826915,90,322028.114204
640.38461,430,322126.070479
480.288466,98,322148.790913
630.865379,218,322199.310738
631.73076,85,322218.588976
486.346157,101,322241.118126
474.230772,91,322261.348554
601.442302,90,322281.901272
579.80769,153,322317.466408
623.942304,335,322607.49041
786.634593,100,322630.91216
490.673081,121,322658.308719
506.250019,581,322790.238163
636.057687,176,322829.096635
477.692316,572,322957.058816
406.730776,144,322990.09436
601.4423,84,323009.077857
638.653836,90,323029.908384
398.942311,90,323049.883059
576.346154,296,323327.864017
480.288465,307,323395.794858
536.538468,104,323419.073282
495.865389,122,323445.778327
629.134603,67,323461.02505
594.519224,131,323491.161733
598.846145,94,323512.281408
496.730777,181,323552.642525
497.596159,86,323572.742347
466.442309,74,323590.118631
488.942314,247,323645.882001
595.384607,93,323667.08352
431.826934,211,323714.526772
478.557698,93,323735.684018
632.596144,89,323966.327292
559.038457,169,324004.915132
492.403853,224,324055.318759
601.442314,429,324152.48601
1236.634618,278,324214.078378
514.038466,186,324255.87343
777.115364,83,324274.883807
540.865386,137,324305.624926
770.192285,98,324327.911617
576.346154,251,324385.231286
616.153843,350,324674.898148
561.634616,339,324751.391738
562.499998,87,324771.003113
625.673069,358,324853.23959
506.250008,255,324912.49299
585.865383,300,324979.767675
479.42308,96,325000.688892
511.442313,308,325068.972425
496.73078,247,325333.473136
578.076919,152,325367.625236
466.442315,159,325404.18561
501.923081,94,325426.14498
539.134622,109,325451.330052
506.250006,225,325500.922626
495.86539,78,325518.648121
611.826936,713,325681.365669
613.55769,306,325749.403084
608.36538,197,326004.604944
605.769224,87,326023.759719
484.615386,92,326044.074821
509.711541,131,326073.599031
654.230769,187,326116.443679
648.173068,185,326157.423724
603.17308,483,326267.078641
630.865379,193,326311.889996
633.461537,907,326724.928941
626.538455,140,326754.933558
485.480774,98,326777.692579
516.634619,152,326811.844819
543.461539,158,326847.657338
435.288465,133,326877.144978
489.807698,201,326922.678288
617.88461,261,326981.081672
588.461535,125,327008.394094
493.269243,481,327327.162538
508.846156,94,327347.575133
602.307686,86,327366.539125
584.134613,160,327401.788419
525.288474,480,327507.979369
611.826913,176,327548.465566
592.788461,91,327569.46456
616.153838,116,327595.501567
482.884618,97,327617.842204
635.192302,176,327657.353503
488.942311,92,327678.1209
625.673074,315,327747.761946
1226.249996,370,328041.220039
1147.499989,194,328084.651054
523.557701,319,328156.954887
515.769235,85,328175.988371
488.942312,92,328196.42318
639.519223,131,328226.736461
605.769225,88,328246.91825
1234.903852,241,328300.155988
405.865392,77,328317.408075
499.326928,130,328346.79669
379.038467,100,328370.031167
478.557696,96,328391.747984
512.307698,310,328673.564174
536.538461,92,328695.052943
495.865388,102,328717.113725
402.403855,278,328777.240369
521.826925,86,328796.487559
657.6923,114,328820.242249
501.92308,274,328878.92451
630.865377,89,328898.040328
437.019247,475,329004.497681
653.365374,229,329056.132927
535.673077,88,329074.890651
478.557694,85,329094.156123
488.942322,533,329426.995598
611.826921,696,329585.120786
375.576929,112,329610.036286
514.90385,109,329634.252293
456.923079,89,329654.446387
323.653854,269,329715.542587
507.98077,107,329739.864744
585.865388,353,330029.888244
685.384611,300,330096.147045
560.769231,138,330127.362052
439.615394,257,330185.348282
552.980771,109,330210.081566
501.057695,263,330270.42706
599.711544,392,330358.393931
462.980771,90,330378.826992
709.615377,157,330412.8735
520.096157,85,330432.899937
645.576914,89,330666.616003
548.653849,254,330723.657441
490.673078,90,330744.34359
617.884615,300,330812.774783
670.673074,254,330868.675369
628.26922,140,330898.915775
475.096157,144,330929.452814
507.980774,103,330952.330095
625.673071,89,330971.455037
567.692312,139,331001.351695
511.442312,132,331031.942546
511.442312,101,331054.959421
448.269235,106,331079.13882
517.500007,240,331346.114509
481.153848,168,331381.889537
490.673079,95,331403.883938
638.653838,216,331452.064536
493.269235,111,331476.939816
586.730769,319,331550.12589
530.480771,102,331573.060343
497.596158,100,331594.998037
613.557691,253,331651.330731
543.461541,104,331674.44361
680.192306,525,331793.565423
657.692295,89,332030.216055
773.653825,69,332046.167307
685.384603,134,332076.65552
627.403837,148,332110.093045
626.538469,351,332190.405112
540.0,89,332210.496699
629.134612,274,332272.109017
534.807693,91,332292.766936
521.826929,151,332325.15383
462.980772,89,332345.051962
566.826922,140,332376.666684
501.923083,154,332411.623091
474.230772,95,332432.994318
622.211538,358,332727.908309
649.903845,339,332802.485243
644.711527,116,332829.228077
482.019234,69,332845.391934
562.500002,90,332866.114308
479.423083,170,332904.935922
649.038449,121,332932.145027
552.115385,359,333010.470456
524.423087,397,333098.32843
628.269223,143,333130.204829
671.53845,136,333371.751586
662.019212,61,333385.652932
634.326916,87,333405.189297
501.923084,267,333466.24987
591.923074,90,333485.711573
510.576928,239,333540.056914
636.057701,491,333649.396428
652.499994,138,333680.857259
661.153835,257,333737.07488
645.576914,86,333756.7117
632.596149,143,333789.464484
475.961542,91,333810.378248
783.17306,233,334073.116853
422.307695,68,334088.007244
493.269233,95,334110.079193
490.673082,202,334156.63171
620.480763,181,334197.355764
739.038442,75,334214.690434
639.519224,129,334242.040898
764.99998,107,334266.742481
643.846144,90,334287.657009
443.942318,427,334385.305001
448.269235,104,334409.048037
645.576917,180,334449.833159
651.634605,202,334707.14632
460.384619,216,334754.609269
412.788467,78,334772.175916
677.596142,117,334798.790935
522.692315,329,334872.1454
514.90385,307,334941.286089
510.576932,178,334981.959507
780.576902,68,334997.395029
634.326917,90,335017.722551
485.480771,89,335037.662757
579.80769,90,335058.485389
503.653854,199,335103.541533
590.192308,232,335152.686776
523.557696,75,335379.179484
501.923083,335,335454.349659
599.711545,330,335526.17242
649.903837,247,335581.856958
752.019208,68,335596.372641
435.288467,255,335653.070383
717.40383,294,335719.393703
623.076929,524,336145.664295
583.269232,155,336180.811683
646.4423,91,336201.449397
501.923082,176,336240.696243
650.769219,87,336259.368022
535.673084,289,336326.618727
617.019224,115,336352.488487
610.096152,219,336402.353164
620.480763,229,336454.950199
748.55767,222,336504.68866
638.653838,141,336537.360744
644.71153,173,336576.62008
522.69231,218,336837.289724
603.173073,140,336869.207561
477.692311,121,336896.44371
487.21154,153,336930.952151
634.326916,117,336957.070793
600.576921,305,337026.741305
634.326917,200,337071.476061
400.673081,99,337094.023838
649.038452,133,337123.08966
495.865389,92,337144.147324
663.749985,135,337175.024907
603.173073,90,337194.465203
606.634609,113,337220.283167
475.096156,94,337241.685106
494.134618,100,337262.887794
485.480772,90,337494.341179
502.788466,103,337517.5387
485.480778,445,337619.054451
507.115389,284,337684.428774
775.384594,66,337699.475122
609.230765,91,337720.207294
737.30767,264,337780.031873
592.788456,92,337800.127892
634.326917,186,337841.433971
597.115382,244,337896.486584
634.326915,187,337939.459116
629.999993,158,338184.518299
505.384619,112,338209.753624
507.115387,99,338232.54452
614.42307,181,338271.817851
540.865383,94,338292.408087
634.326919,460,338396.206276
511.442312,263,338456.081206
604.90384,90,338476.143078
1147.499991,313,338547.847221
648.173068,89,338567.669391
402.403853,244,338833.405765
629.134614,447,338934.475363
558.173081,216,338982.921913
588.461533,166,339019.420491
660.288447,108,339043.988061
606.634609,68,339059.261086
724.326907,173,339097.538203
615.288456,141,339129.468633
483.750008,263,339188.608982
484.615388,273,339249.956485
719.134599,169,339288.172311
620.480763,146,339537.643261
417.980775,97,339559.459038
687.980756,294,339626.05621
636.057683,89,339646.333267
485.480773,99,339668.936439
752.884588,156,339704.657228
467.307697,97,339726.558303
636.057685,154,339760.319462
596.249996,216,339809.965673
786.634594,131,339839.947954
719.99998,165,339877.642856
616.15384,95,339899.733074
625.673071,121,339927.237059
629.134611,239,340192.531248
640.384607,151,340225.749467
780.576902,72,340241.129595
589.326929,125,340268.685309
603.17307,86,340287.800791
510.576927,97,340308.774501
501.057692,138,340339.707792
774.51921,67,340353.877995
595.38461,132,340384.33496
646.442299,120,340411.68618
610.096148,87,340431.576508
641.249991,228,340481.101516
462.11539,290,340546.309714
499.326928,102,340569.684475
479.423084,216,340619.022576
694.903836,166,340867.591133
525.288464,161,340902.770143
467.307712,434,341002.031796
536.538467,126,341030.592123
646.442299,119,341057.769742
482.884619,167,341095.58809
560.769234,71,341111.129699
484.615389,113,341136.796212
718.269213,153,341171.994444
494.134619,100,341194.15289
625.67307,91,341215.230757
610.096147,87,341235.175372
745.096131,108,341259.626707
609.230765,101,341282.763593
420.576926,222,341543.781374
623.076915,120,341571.197569
490.673085,202,341615.835774
586.730766,68,341631.119564
609.230764,87,341650.426396
437.019236,91,341669.701675
539.134618,201,341715.05651
745.096132,196,341756.981052
607.499993,85,341776.519548
614.423068,88,341796.344156
475.961541,89,341816.884208
782.307666,173,341856.053384
436.153859,460,341961.240528
626.538463,62,341975.229042
613.557686,95,342207.457931
591.92307,92,342227.085221
627.403838,87,342246.838049
615.288456,146,342279.398895
475.096158,104,342303.210627
482.019235,95,342324.223601
668.942297,263,342384.319898
832.499978,96,342406.556346
490.673081,101,342428.38063
634.326914,160,342464.854162
510.576934,347,342544.448207
496.730773,101,342567.649529
617.019227,285,342631.105468
684.519216,225,342893.119628
611.826917,86,342912.234537
621.346148,92,342932.991656
446.538465,132,342963.191707
603.17307,89,342983.68094
758.942283,61,342997.047321
633.461532,228,343048.347526
511.442311,102,343070.909227
591.057689,123,343098.91619
633.46153,210,343146.608449
779.711517,67,343162.127073
631.730761,126,343190.488621
546.057693,72,343206.853945
601.442304,115,343233.442848
599.711534,171,343271.502132
568.557692,260,343329.792177
636.923068,121,343568.724883
418.84616,93,343590.283865
476.826925,120,343617.721064
649.038453,89,343638.085517
755.480745,137,343668.769698
629.999994,163,343705.854673
623.07692,309,343775.947099
648.173068,106,343800.309907
659.423065,241,343853.688987
675.865374,88,343873.168592
547.788461,89,343893.217665
620.480762,92,343913.932146
710.480752,77,343931.102585
429.230774,95,343952.273488
596.249994,145,343984.8298
668.942296,85,344003.823869
593.653842,89,344234.619096
622.211532,158,344270.05382
642.115376,85,344289.496645
593.653842,71,344305.841475
507.11539,154,344341.25491
639.519222,123,344369.366048
623.076914,123,344397.439731
591.923071,127,344426.622757
593.653848,204,344473.862797
470.769234,262,344533.107953
372.115391,162,344569.940452
700.961523,78,344587.852812
771.923058,271,344649.365641
584.134611,89,344669.377387
690.576913,140,344911.7182
644.711538,414,345004.502483
639.519222,139,345035.659808
636.923069,185,345077.087569
628.269227,177,345117.617366
631.730761,130,345147.453654
624.807684,250,345204.198378
628.269222,319,345275.988328
632.596146,95,345297.89354
639.519222,91,345318.590702
426.634615,76,345335.846579
507.115388,92,345356.590214
627.403839,84,345589.126504
648.173068,145,345620.509224
500.192313,101,345642.284891
495.865396,325,345712.483417
630.865386,489,345821.952919
745.961515,185,345863.49758
395.480776,93,345884.306628
407.596159,77,345901.922953
644.71153,191,345945.034881
653.36537,119,345971.844085
623.076913,190,346014.788978
550.384618,185,346270.838181
1145.769237,349,346350.215353
655.961524,147,346383.333875
629.134608,89,346403.025837
610.096147,292,346469.252672
579.807692,72,346484.970161
452.596159,238,346538.191581
623.076915,87,346557.677639
484.615388,96,346580.152378
652.49999,298,346648.077831
486.346164,388,346946.372721
584.999996,161,346982.535358
488.076932,229,347033.624074
421.442313,113,347058.523695
567.692311,161,347094.294899
607.499999,289,347159.738945
766.730744,60,347173.400297
481.153851,98,347195.771836
481.153851,94,347217.358082
760.673059,380,347302.459676
